id,source,url,title,content,sections,images
1,flexikon,https://flexikon.doccheck.com/de/Zilebesiran,NULL,"" ist ein experimenteller   aus der Gruppe der   ( ). Der Wirkstoff hemmt die   von   und wird entsprechend zur Behandlung von   eingesetzt.\n Das   (RAAS) hat einen gro\u00c3\u0178en Einfluss auf die  . Eine wichtige Rolle spielt hierbei  . Durch die Hemmung seines   Angiotensinogen verspricht man sich deshalb eine Senkung des Blutdrucks.\n Durch den Mechanismus der   hemmt Zilebesiran die Angiotensinogensynthese in der  . Durch die Interferenz von Zilebesiran mit der mRNA von Angiotensinogen wird die entsprechende   abgebaut und die   verringert. Infolgedessen sinkt die   von Angiotensinogen. \n Die h\u00c3\u00a4ufigste   sind   an der Injektionsstelle. Weiterhin traten   und   der oberen Atemwege auf. Im Falle akuter   (z.B. durch Fl\u00c3\u00bcssigkeitsverlust) besteht die Gefahr einer verminderten   Gegenregulation. \n Der   befindet sich zurzeit in der fr\u00c3\u00bchen   ( , Stand 2024). In   wurde eine dosisabh\u00c3\u00a4ngige Blutdrucksenkung nach Verabreichung von Zileberisan beobachtet.\n Nach Einmalgabe von 200 mg als   wurde der   Blutdruck um > 10   und der   Blutdruck um > 5 mm Hg gesenkt. Der Effekt hielt zwischen 24 Stunden bis hin zu 24 Wochen an. \n Eine salzreiche Ern\u00c3\u00a4hrung konnte die Effektivit\u00c3\u00a4t von Zilebesiran abschw\u00c3\u00a4chen. Die Einnahme eines   sorgte hingegen f\u00c3\u00bcr eine Wirkungsverst\u00c3\u00a4rkung.\n Mit einer reversen siRNA ( ) konnte bei hypertensiven Ratten die Wirkung der siRNA antagonisiert und innerhalb von 5 bis 7 Tagen der Blutdruck auf den Ausgangswert eingestellt werden. \n"",[],[]
2,flexikon,https://flexikon.doccheck.com/de/Xylometazolin,NULL,""\n  ist eine chemische Verbindung aus der Gruppe der  -Derivate. Es wird als Arzneistoff (\u00ce\u00b1- ) zum Abschwellen der   eingesetzt. Xylometazolin ist in vielen g\u00c3\u00a4ngigen abschwellenden   und Nasentropfen enthalten.\n Xylometazolinhydrochlorid ist eine mittelstarke  , die wie alle   in alkalischer   der   unterliegt. Das substituierte   stellt ein zyklisches   und somit ein   dar, das unter dem Einfluss von     ist. Als Produkte der hydrolytischen Spaltung entstehen   und die entsprechende substituierte Carbons\u00c3\u00a4ure.\n Xylometazolin hat eine \u00c3\u00a4hnliche Wirkweise wie   und bindet an dieselben  . Seine Wirkung beruht darauf, dass es die   in der   verengt ( ).\n Es kann zu folgenden Nebenwirkungen kommen:\n Auswirkungen auf Kraftfahrer und die Bedienung von Maschinen: Bei l\u00c3\u00a4ngerer Anwendung oder hoher Dosierung von Xylometazolin sind systemische Effekte mit Auswirkung auf das   und zentralnerv\u00c3\u00b6se Nebenwirkungen nicht auszuschlie\u00c3\u0178en. In diesen F\u00c3\u00a4llen kann die F\u00c3\u00a4higkeit zum F\u00c3\u00bchren eines Kraftfahrzeuges sowie die Bedienung von Maschinen beeintr\u00c3\u00a4chtigt sein.\n Bei S\u00c3\u00a4uglingen und Kleinkindern sind   und   Zust\u00c3\u00a4nde m\u00c3\u00b6glich. \n Handels\u00c3\u00bcbliche abschwellende   mit Xylometazolin ergaben einen deutlich negativen Effekt auf die   Schlagh\u00c3\u00a4ufigkeit [Deitmer u. Scheffler, 1993].\n Eine kurzzeitige Anwendung von Xylometazolin in \u00c3\u00bcblicher therapeutischer Dosierung ist w\u00c3\u00a4hrend der gesamten   m\u00c3\u00b6glich. Bei zu hoher Dosierung k\u00c3\u00b6nnen systemische Wirkungen, wie z.B. eine   Minderperfusion allerdings nicht ausgeschlossen werden.  \n Xylometazolin ist in Deutschland  -, aber nicht  .\n"",[],[]
3,flexikon,https://flexikon.doccheck.com/de/Xamoterol,NULL,""\n \n  ist ein   am  , der eine Steigerung der     und eine verbesserte     bewirkt. Einige Studien zeigten einen positiven Effekt bei Patienten mit milder bis moderater  . In Deutschland ist derzeit (2024) kein Pr\u00c3\u00a4parat mit dem   Xamoterol im Handel. \n Nach   Verabreichung wird Xamoterol zu etwa 9\u00c2\u00a0%  . Die systemische   liegt bei nur 5\u00c2\u00a0%.  \n Xamoterol bindet an Beta-1-Adrenozeptoren und stimuliert so die  . Dadurch steigt die    -Konzentration und die   (PKA) wird aktiviert. Die PKA bewirkt u.a. einen vermehrten   in die  . Es kommt zu einer moderaten Steigerung der Kontraktilit\u00c3\u00a4t des   und einer verbesserten   Relaxation. In Ruhe und bei moderater Aktivit\u00c3\u00a4t wird der     reduziert. Bei starker k\u00c3\u00b6rperlicher Aktivit\u00c3\u00a4t wirkt Xamoterol  . Xamoterol wirkt nicht an  .\n In Studien wurde Xamoterol relativ gut vertragen. M\u00c3\u00b6gliche Nebenwirkungen waren jedoch:\n"",[],[]
4,flexikon,https://flexikon.doccheck.com/de/Wirkst%C3%A4rke,NULL,""\n Als   oder bezeichnet man in der   das Ausma\u00c3\u0178 der   Effekte eines  . Die Wirkst\u00c3\u00a4rke in Abh\u00c3\u00a4ngigkeit von der   oder   wird auch   genannt.\n Angaben zur Wirkst\u00c3\u00a4rke k\u00c3\u00b6nnen sich auf einzelne biochemische Effekte (z.B. die Hemmung eines bestimmten  ) oder die   eines Arzneistoffs beziehen. Beispiele sind die   (IC ) oder der   (EC ).\n In einigen F\u00c3\u00a4llen (z.B. bei   oder  ) wird die Wirkst\u00c3\u00a4rke als \"relative Wirkst\u00c3\u00a4rke\" in Bezug auf eine Referenzsubstanz angegeben.\n"",[],[]
5,flexikon,https://flexikon.doccheck.com/de/Wirkstoffklasse,NULL,""In einer   fasst man   mit   Gemeinsamkeiten zusammen. Wirkstoffklassen dienen prim\u00c3\u00a4r der Abgrenzung und Ordnung der in ihnen erfassten Stoffe.\n Das   unterscheidet zum Beispiel nach dem  , auf das der Arzneistoff wirkt, nach der Art der Wirkung und nach der Art der chemischen Verbindung. \n Typische Wirkstoffklassen in g\u00c3\u00a4ngigen Arzneimittelverzeichnissen (z.B.  ) sind:\n"",[],[]
6,flexikon,https://flexikon.doccheck.com/de/Wirkstoffanflutung,NULL,""Klick auf   und mach daraus einen Articulus longissimus! Klick auf   und mach daraus einen Articulus longissimus! Die   bezeichnet den Prozess der   eines   im K\u00c3\u00b6rper in Bezug auf sein Zielgewebe.\n"",[],"["https://dccdn.de/flexikon.doccheck.com/assets/images/icons/Articulus_minimus.png", "https://dccdn.de/flexikon.doccheck.com/assets/images/icons/Articulus_minimus.png"]"
7,flexikon,https://flexikon.doccheck.com/de/Wirkspiegel,NULL,""Der   ist eine Gr\u00c3\u00b6\u00c3\u0178e aus der  , welche die Konzentration eines   im Hinblick auf seine biologische Wirkung beschreibt. \n Der Begriff Wirkspiegel ist relativ unscharf, da die Wirkung eines Arzneistoffs nicht an einen festen Schwellwert gekoppelt ist, sondern   eintritt. Im klinischen Sprachgebrauch begegnen einem h\u00c3\u00a4ufig die Ausdr\u00c3\u00bccke \"niedriger Wirkspiegel\", \"guter Wirkspiegel\" oder \"hoher Wirkspiegel\".  H\u00c3\u00a4ufig wird \"Wirkspiegel\" hier einfach als Synonym f\u00c3\u00bcr die   verwendet.\n"",[],[]
8,flexikon,https://flexikon.doccheck.com/de/Wirkform,NULL,""Die   eines   ist die chemische Form, in der er seine pharmakologische Wirkung entfaltet. Sie wird bei manchen Arzneistoffen erst durch die   einer unwirksamen Vorstufe ( ) erreicht.\n"",[],[]
9,flexikon,https://flexikon.doccheck.com/de/Vimseltinib,NULL,""\n \n  ist ein   aus der Gruppe der  , der zur Behandlung des   eingesetzt wird.\n Vimseltinib ist eine    , deren   direkt oder \u00c3\u00bcber eine   miteinander verkn\u00c3\u00bcpft sind. Die Verbindung ist leicht  .\n Die   des Wirkstoffs lautet C H N O ; das   betr\u00c3\u00a4gt 431,5g/ .\n Vimseltinib ist ein   und hemmt den  . Er hemmt die   des Rezeptors und unterdr\u00c3\u00bcckt so die darauffolgende  . In der Folge wird die   von CSF1R-exprimierenden Zellen gehemmt.\n Das   betr\u00c3\u00a4gt 90 Liter und die   6 Tage. \n Vimseltinib ist als   erh\u00c3\u00a4ltlich.\n Die empfohlene Dosierung betr\u00c3\u00a4gt 30 mg zweimal w\u00c3\u00b6chentlich. Beim Auftreten von Nebenwirkungen kann die Dosis auf 20 bzw. 14 mg zweimal w\u00c3\u00b6chentlich reduziert werden.\n .\n Vimseltinib wurde im Fr\u00c3\u00bchjahr 2025 in den USA zugelassen. Aktuell (Stand 2025) steht eine Zulassung in Europa noch aus, kann jedoch im Rahmen eines   eingesetzt werden.\n"",[],[]
10,flexikon,https://flexikon.doccheck.com/de/Velpatasvir,NULL,""Klick auf   und mach daraus einen Articulus longissimus! Klick auf   und mach daraus einen Articulus longissimus! \n  ist ein  , das zu der Gruppe der   z\u00c3\u00a4hlt. Es wurde in der EU 2016 als Epclusa  in Kombination mit   und im Juni 2017 als Vosevi  in Kombination mit Sofosbuvir und   f\u00c3\u00bcr die Behandlung von chronischen  -  bei Erwachsenen zugelassen. \n Velpatasir besitzt die   C H N O  und eine   von 883.019 g\u00c2\u00b7mol . Es ist eine heterozyklische Organo-Stickstoffverbindung vom N-Acylpyrrolidin-Typ. Das   des   (HCV) spielt eine wichtige Rolle bei dessen  - . Der genaue Mechanismus, mit dem Velpatasvir und andere HCV-NS5A-Inhibitoren die Virusreplikation verhindern, ist jedoch noch nicht vollst\u00c3\u00a4ndig gekl\u00c3\u00a4rt.\n Durch eine Kombination von Sofosbuvir und Velpatasvir konnte in einer Studie von 2015 nach zw\u00c3\u00b6lfw\u00c3\u00b6chiger Therapie bei 99% der Patienten eine Viruselimination erzielt werden. \n"",[],"["https://dccdn.de/flexikon.doccheck.com/assets/images/icons/Articulus_minimus.png", "https://dccdn.de/flexikon.doccheck.com/assets/images/icons/Articulus_minimus.png", "https://dccdn.de/www.doccheck.com/data/w3/4b/dg/q9/4r/vf/vel_md.jpg"]"
11,flexikon,https://flexikon.doccheck.com/de/Trapidil,NULL,""\n  ist ein  \u00c2\u00a0aus der Gruppe der nicht-selektiven  , der zur Behandlung der   (KHK) eingesetzt wird.\n Trapidil ist ein  -Derivat.\n Der Wirkmechanismus von Trapidil ist nicht vollst\u00c3\u00a4ndig gekl\u00c3\u00a4rt. Die Substanz soll nicht-selektiv das Enzym   hemmen und so zu einer   der Koronargef\u00c3\u00a4\u00c3\u0178e f\u00c3\u00bchren. Dar\u00c3\u00bcber wird eine Hemmung der   postuliert, die jedoch schw\u00c3\u00a4cher ausf\u00c3\u00a4llt als bei ausgewiesenen   (z.B.  ). \n Nach oraler Aufnahme hat Trapidil eine hohe  . Die   betr\u00c3\u00a4gt rund 2,4 Stunden. Die   findet vorrangig in der Leber statt. Die Ausscheidung erfolgt innerhalb von 24 Stunden nahezu vollst\u00c3\u00a4ndig  .\n Trapidil ist f\u00c3\u00bcr die Behandlung der   zugelassen,  wenn eine Therapie mit anderen antiangin\u00c3\u00b6sen Arzneimitteln (einzeln oder in Kombination) nicht durchgef\u00c3\u00bchrt werden kann oder nicht ausreichend wirksam ist.\n Die Datenbasis zur Wirkung von Trapidil ist relativ schmal. Im wesentlichen st\u00c3\u00bctzt sich die Zulassung auf 2 \u00c3\u00a4ltere klinische Studien, in die weniger als 400 Patienten involviert waren.  In diesen Studien konnte Trapidil eine im Vergleich zu   geringere   nach   nachweisen. Die Ergebnisse der im Jahr 2000 gestarteten STARC-II-Studie sind bislang (2017) nicht publiziert.\n Trapidil steht in Form von   f\u00c3\u00bcr die orale Einnahme und als   f\u00c3\u00bcr die  -Gabe zur Verf\u00c3\u00bcgung. \n Soweit nicht anders verordnet, erhalten Erwachsene 2-3mal t\u00c3\u00a4glich 1 Kapsel a 200 mg Trapidil - entsprechend einer Tagesdosis von 400-600 mg Trapidil.\n Selten kommt es zu   Reaktionen.\n"",[],[]
12,flexikon,https://flexikon.doccheck.com/de/TID,NULL,""\n Die Abk\u00c3\u00bcrzung   bedeutet \"ter in die\" bzw. \"dreimal t\u00c3\u00a4glich\" und wird in der   und   zur   von   auf   verwendet.\n Die Angabe \"  40  /  TID  \" bedeutet, dass Sucralfat in einer   von 40 mg/kgKG dreimal t\u00c3\u00a4glich oral zu verabreichen ist.\n"",[],[]
13,flexikon,https://flexikon.doccheck.com/de/Tiamulin,NULL,""\n \n  ist ein     des nat\u00c3\u00bcrlich vorkommenden    , das vorwiegend in der   zum Einsatz kommt.\n Tiamulin besteht aus einem trizyklischen Kern, der sich aus einem Cyclo-Pentanon, einem Cyclo-Hexyl und einem Cyclo-Octan sowie einer (((2-(Diethylamino)Ethyl)Thio)-Essigs\u00c3\u00a4ure)-Seitenkette am C14 des Octan-Rings zusammensetzt. F\u00c3\u00bcr die antibiotische Wirkung scheinen v.a. die   des 5-gliedrigen Rings und die   an C  von Bedeutung zu sein. Der am TIA-  befindliche   sorgt f\u00c3\u00bcr die Wasserl\u00c3\u00b6slichkeit und verbessert so die  .\n Das   betr\u00c3\u00a4gt 493,75  /  und die   lautet C H NO S.\n Tiamulin ist, zusammen mit dem strukturell eng verwandten  , das einzige auf dem veterin\u00c3\u00a4rmedizinschen Markt zugelassene Pleuromutilin. Es wirkt vorwiegend  , wobei es in hohen   gegen empfindliche   auch eine   Wirkung aufweist.\n Pleuromutilin-Derivate interagieren mit der 50S-  der  . Es wird vermutet, dass der Arzneistoff in der  -Tasche mit der   der Ribosomen interagiert. Auf diese Weise wird das richtige Positionieren des CCA-Endes der   f\u00c3\u00bcr die Peptid\u00c3\u00bcbertragung verhindert. Durch die Hemmung der   kommt es folglich zu einer St\u00c3\u00b6rung des Bakterienwachstums, worauf letztendlich die bakteriostatische Wirkung beruht.\n Tiamulin weist eine hohe   Bioverf\u00c3\u00bcgbarkeit auf (bis zu 90\u00c2\u00a0%). Der   verteilt sich gut im Gewebe und erreicht dort Konzentrationen, welche die   um ein Vielfaches \u00c3\u00bcbersteigen. Die h\u00c3\u00b6chste Gewebekonzentration kann in der  \u00c2\u00a0nachgewiesen werden.\n Der Arzneistoff wird zu 70 bis 85\u00c2\u00a0% in der   metabolisiert. Dabei entstehen \u00c3\u00bcber 20  , von denen einige eine antibiotische Wirkung aufweisen. Etwa 30\u00c2\u00a0% aller Metaboliten werden letztendlich \u00c3\u00bcber den   ausgeschieden. Der Rest gelangt \u00c3\u00bcber die   und dann mit dem   in die Umwelt.\n Tiamulin wird vorrangig bei  ,   unterschiedlicher  ,   sowie   angewendet. Der Wirkstoff wird vor allem bei   und   verwendet, kann aber auch bei  ,   und   zum Einsatz kommen.\n Tiamulin ist in Form von Tiamulinhydrogenfumarat in verschiedenen   zur oralen Anwendung erh\u00c3\u00a4ltlich. Tiere, die ein deutlich gest\u00c3\u00b6rtes   zeigen, sollten unbedingt   behandelt werden.\n .\n Bei intramuskul\u00c3\u00a4ren   k\u00c3\u00b6nnen lokale Irritationen in Form von   und   beobachtet werden. In seltenen F\u00c3\u00a4llen kommt es auch zu  , deren   noch (2021) nicht vollst\u00c3\u00a4ndig gekl\u00c3\u00a4rt ist.\n Die gleichzeitige Anwendung von   (z.B.  ,  \u00c2\u00a0und  ) und Pleuromutilinen kann zu schwerwiegenden   f\u00c3\u00bchren, wie z.B.  ,  ,   und  .\n Tiamulin darf nicht   an K\u00c3\u00a4lber verabreicht werden, da es zu schweren   und   Nebenwirkungen und Tod kommt. Zus\u00c3\u00a4tzlich ist eine Anwendung bei    , da Pleuromutiline schwere St\u00c3\u00b6rungen der mikrobiellen   mit konsekutiver   verursachen.\n Ein Einsatz bei Legehennen ist nicht erlaubt, insofern die   zum   Verzehr vorgesehen sind.\n Aufgrund der guten Gewebeg\u00c3\u00a4ngigkeit sind nach dem Einsatz von Tiamulin verschiedene Wartezeiten vorgeschrieben, die zwingend eingehalten werden m\u00c3\u00bcssen.\n \n"",[],[]
14,flexikon,https://flexikon.doccheck.com/de/Tepoxalin,NULL,""\n \n  ist ein   (NSAR) und wurde beim   zur Behandlung   und     und   eingesetzt.\n Tepoxalin hat die   C H ClN O  und eine   von 385,85 g/ . Tepoxalin hemmt die     (COX-2) und   (5-LOX) und verhindert so die   von   und  . \n Derzeit (2024) ist kein   mit dem   Tepoxalin in der EU zugelassen. Die   von Zubrin  wurde 2017 nicht verl\u00c3\u00a4ngert.\n"",[],"["https://dccdn.de/www.doccheck.com/data/he/xu/tn/s6/b3/g6/tepoxalin_md.jpg"]"
15,flexikon,https://flexikon.doccheck.com/de/Strukturanalogon,NULL,""  \n  \n Der Begriff   wird verwendet, um strukturell \u00c3\u00a4hnliche   zu beschreiben. \n Strukturanaloga sind zwar morphologisch \u00c3\u00a4hnlich, k\u00c3\u00b6nnen in ihrer Wirkung jedoch stark voneinander abweichen, wie zum Beispiel   und  . Bei \u00c3\u201ehnlichkeiten der Wirkungsweise spricht man von  . \n Definitionsgem\u00c3\u00a4\u00c3\u0178 sind   Verbindungen gleicher  , aber unterschiedlicher  ,   oder  . F\u00c3\u00bcr die Klassifizierung als Analoga reichen aber bereits \u00c3\u201ehnlichkeiten aus, weshalb die Begriffe Analogon und Isomer getrennt voneinander zu benutzen sind. \n In der   ist der Begriff Strukturanalogon f\u00c3\u00bcr   gebr\u00c3\u00a4uchlich, die mit bereits existierenden   strukturelle und gegebenenfalls pharmakologische Gemeinsamkeiten haben. Grunds\u00c3\u00a4tzlich werden   in drei Klassen eingeteilt: \n Bei Klasse 1 und 2 handelt es sich um Strukturanaloga, wobei f\u00c3\u00bcr Klasse 1 auch der Term \"Direkte Analoga\" gel\u00c3\u00a4ufig ist.  \n Von den neu zugelassenen \" \", also Wirkstoffen mit einem   von maximal 0,9  , wird die gro\u00c3\u0178e Mehrheit durch sogenanntes   hergestellt.  Dabei wird ein bestehendes Wirkstoffmolek\u00c3\u00bcl geringf\u00c3\u00bcgig ver\u00c3\u00a4ndert und optimiert. Zwei Drittel aller verkauften Small Molecules sind Analoga. Ein Beispiel daf\u00c3\u00bcr sind die  .\n"",[],[]
16,flexikon,https://flexikon.doccheck.com/de/Stimulans,NULL,""\n Ein   (Plural: Stimulanzien) ist ein  , der anregend auf die K\u00c3\u00b6rperfunktionen wirkt. Im engeren Sinn sind damit Substanzen gemeint, die anregend auf das   wirken.\n Zentrale Stimulanzien sind zum Beispiel bei   und   indiziert.\n Indirekte   erh\u00c3\u00b6hen die Freisetzung von   in den   und hemmen zudem h\u00c3\u00a4ufig die Wiederaufnahme dieses   in die  . Dadurch wird die Aktivit\u00c3\u00a4t des   gesteigert.   k\u00c3\u00b6nnen sich dem entsprechend eine Steigerung der  , erh\u00c3\u00b6hter  ,   der   und weitere Effekte einer Sympathikusaktivierung zeigen. Im   wirksame indirekte   (zentrale Stimulanzien) steigern unter anderem die Konzentrationsf\u00c3\u00a4higkeit, das fokussierte Denken und die  .   und   kann zur Verkennung der Leistungsgrenzen, Beeinflussung des   und zum   f\u00c3\u00bchren.\n Zu dieser Wirkstoffklasse z\u00c3\u00a4hlen beispielsweise:\n Ferner sind zahlreiche illegale   zu dieser Klasse zu z\u00c3\u00a4hlen, so etwa   und  .\n"",[],[]
17,flexikon,https://flexikon.doccheck.com/de/Spasmoanalgetikum,NULL,""Klick auf   und mach daraus einen Articulus longissimus! Klick auf   und mach daraus einen Articulus longissimus! Als   bezeichnet man   bzw.  , die sowohl eine   (krampfl\u00c3\u00b6sende) als auch   (schmerzlindernde) Wirkung aufweisen.\n"",[],"["https://dccdn.de/flexikon.doccheck.com/assets/images/icons/Articulus_minimus.png", "https://dccdn.de/flexikon.doccheck.com/assets/images/icons/Articulus_minimus.png"]"
18,flexikon,https://flexikon.doccheck.com/de/Silymarin,NULL,"" ist ein    , der aus den Samen der   (Silybum marianum) gewonnen wird. Er wird z.B. zur unterst\u00c3\u00bctzenden Behandlung bei  -    und   verwendet. \n Silymarin besteht haupts\u00c3\u00a4chlich aus den    ,  ,   und  .  \n Der genaue Wirkmechanismus von Silymarin ist unbekannt. Die Wirkung soll auf verschiedenen zellul\u00c3\u00a4ren Effekten basieren, die   beobachtet wurden. Dem nat\u00c3\u00bcrlichen Stoffgemisch werden u.a.   und   Eigenschaften zugesprochen, welche die Grundlage seiner   Wirkung sein sollen. Bislang (2024) fehlen kontrollierte  , die nach den Kriterien der   eine klinische Wirksamkeit belegen. \n Silymarin wird zur unterst\u00c3\u00bctzenden Behandlung eingesetzt bei:\n Silymarin ist als   in   oder   verf\u00c3\u00bcgbar. \n Die \u00c3\u00bcbliche Dosierung sind 200-400 mg Silymarin t\u00c3\u00a4glich\n .\n Die Vertr\u00c3\u00a4glichkeit von Silymarin wird als gut eingeordnet. Selten treten  ,   oder   auf.\n Silymarin wird \u00c3\u00bcber das   verstoffwechselt, was die Wirkspiegel anderer Medikamente, die auf diesem Weg metabolisiert werden, beeinflussen kann.\n Ferner bestehen Wechselwirkungen mit manchen  ,   und  .  \n"",[],[]
19,flexikon,https://flexikon.doccheck.com/de/Selektiver_Inhibitor_des_nukle%C3%A4ren_Exports,NULL,""\n \n Als  , kurz  , bezeichnet man eine neuartige  , die in der   eingesetzt wird. Sie verhindert den Export von   und   aus dem   ins   durch eine Blockade von  .\n Es existiert eine Vielzahl an Exportinen. Ein wichtiger Vertreter ist   (XPO1). XPO1 ist an der Ausfuhr von \u00c3\u00bcber 1.000 verschiedenen   aus dem Zellkern beteiligt, darunter auch   wie   und  / . Es spielt somit eine wichtige Rolle bei der Steuerung von verschiedenen Zellvorg\u00c3\u00a4ngen und ist in gesunden Zellen streng reguliert.\n Bei vielen Krebsentit\u00c3\u00a4ten ist XPO1 \u00c3\u00bcberexprimiert. Bei malignen  -Erkrankungen finden sich dar\u00c3\u00bcber hinaus   XPO1- . Dies f\u00c3\u00bchrt dazu, dass notwendige Proteine und RNA nicht mehr in der n\u00c3\u00b6tigen Konzentration im richtigen   vorhanden sind. Die Folge ist eine F\u00c3\u00b6rderung der  .\n Selektive Inhibitoren des nukle\u00c3\u00a4ren Exports hemmen die au\u00c3\u0178er Kontrolle geratenen Exportine und unterdr\u00c3\u00bccken somit das Tumorzellwachstum. Es kommt zum Zellzyklusarrest und zur  . \n"",[],[]
20,flexikon,https://flexikon.doccheck.com/de/Safinamid,NULL,""\n  ist ein   zur Behandlung der   aus der Gruppe der  .\n Safinamid ist ein   \u00ce\u00b1- -  mit der   C H FN O .\n Safinamid hemmt die   (MAOB) und reduziert dadurch den Abbau von   in   Nervenendigungen. Im Gegensatz zu   und   handelt es sich dabei um eine   Hemmung. Safinamid soll dar\u00c3\u00bcber hinaus die Freisetzung von   und den   von Dopamin und  \u00c2\u00a0reduzieren. Ferner blockiert Safinamid spannnungsabh\u00c3\u00a4ngige  - und  , wobei die therapeutische Relevanz dieser Blockade f\u00c3\u00bcr die zugelassenen Indikationen unklar ist.\n Safinamid wird rasch und vollst\u00c3\u00a4ndig im   resorbiert. Es erreicht nach 1,8 bis 2,8 Stunden seine  . Der Wirkstoff liegt im Blut zu etwa 90% an   gebunden vor. Er unterliegt keinem relevanten  . Die   liegt bei 95%. \n Der Abbau von Safinamid ist nicht vollst\u00c3\u00a4ndig gekl\u00c3\u00a4rt. Der wesentliche Stoffwechselweg wird wahrscheinlich durch   vermittelt. Die   werden im Wesentlichen (> 90%)   ausgeschieden. Die   liegt zwischen 20 und 30 Stunden. Im   werden nur 1,5% der verabreichten Dosis ausgeschieden.\n Safinamid wird als Zusatztherapie zu   zur Behandlung der Parkinson-Krankheit bei Patienten im mittleren bis sp\u00c3\u00a4ten Stadium mit   eingesetzt - allein oder in Kombination mit anderen  .\n In klinischen Studien traten u.a. folgende   h\u00c3\u00a4ufig auf:\n Bei den behandelten Patienten war das   erh\u00c3\u00b6ht. In Tierexperimenten mit Safinamid traten   auf.\n Die Rechte an Safinamid gingen 1998 von   auf die neu gegr\u00c3\u00bcndete Firma   \u00c3\u00bcber. 2006 erhielt die   die weltweiten Exklusivrechte zur Entwicklung, Herstellung und Vermarktung von Safinamid in neurologischen Indikationen. Diese Exklusivrechte wurden im April 2012 an Newron zur\u00c3\u00bcckgeben. Im Mai 2012 wurde die weltweiten Exklusivrechte (mit Ausnahme von Japan und anderen asiatischen L\u00c3\u00a4ndern) an   weitergereicht. Safinamid wurde schlie\u00c3\u0178lich 2015 von der  , 2017 von der   zugelassen.\n Der   bewertet den   von Safinamid auf der Basis des vom   gesichteten Studienmaterials wie folgt: \n Die   von Safinamid liegen gerundet zwischen 2.410 und 2.560 \u00e2\u201a\u00ac. \n"",[],[]
21,flexikon,https://flexikon.doccheck.com/de/Roxatidin,NULL,""\n \n  ist ein  , der die   hemmt und z.B. zur Behandlung der    und der   eingesetzt wird. In Deutschland ist aktuell (2024) kein   mit dem   Roxatidin im Handel. \n Roxatidin blockiert   die   der   im  . Dadurch wird die  -induzierte Stimulation der   gehemmt. Zudem wird die   inhibiert.\n Roxatidin liegt als   in Form von Roxatidinacetat vor und wird   eingenommen. Nach oraler   (> 95\u00c2\u00a0%) wird das Prodrug schnell zum wirksamen Roxatidin umgewandelt. Es erreicht seine maximale Wirkung etwa 3 Stunden nach der Einnahme\u00e2\u20ac\u2039. Roxatidin wird vornehmlich    , bei   muss die   ggf. reduziert werden. \n Roxatidin kann zur Behandlung von folgenden Krankheiten eingesetzt werden:\n Zu den h\u00c3\u00a4ufigsten Nebenwirkungen geh\u00c3\u00b6ren u.a.\n"",[],[]
22,flexikon,https://flexikon.doccheck.com/de/Pixantron,NULL,""\n  ist ein   Wirkstoff aus der Gruppe der  , der bei     zum Einsatz kommt.\n Pixantron liegt im Arzneimittel als   vor. Die   lautet C H N O . Die   betr\u00c3\u00a4gt 325,37 g/ . \n Verglichen mit anderen Anthracyclinen fehlt in der Ringstruktur die  . Stattdessen wird   in den Ring eingesetzt. Dies setzt die Reaktionsfreudigkeit des   bez\u00c3\u00bcglich unerw\u00c3\u00bcnschter Reaktionen wie Bildung von   herab. \n Die   des Wirkstoffs nach     liegt bei rund 50\u00c2\u00a0%, das   bei 25,8 Litern. \n Beim Abbau wird Pixantron zwar  , jedoch wird der Gro\u00c3\u0178teil unver\u00c3\u00a4ndert   ausgeschieden. Dadurch kommt es zu einer bl\u00c3\u00a4ulich-gr\u00c3\u00bcnen F\u00c3\u00a4rbung des  . Die   unterliegt Schwankungen von 14,5 bis 44,8 Stunden - der Mittelwert betr\u00c3\u00a4gt etwa 23,3 Stunden.\n Pixantron ist ein schwacher  . Seine inhibitorische Wirkung ist jedoch geringer als die von  . Der zentrale Wirkmechanismus ist die direkte   der  . Infolgedessen kommt es zu   und vermindertem Zellwachstum. \n Pixantron wird intraven\u00c3\u00b6s als langsame Infusion \u00c3\u00bcber mindestens 60 Minuten gegeben. Ein   sollte verwendet werden.\n Die Packungseinheit enth\u00c3\u00a4lt 29 mg   pro Flasche, zu l\u00c3\u00b6sen in 5 ml  . Dosiert wird mit 50 mg/m\u00c2\u00b2   in bis zu sechs 28-Tage-Zyklen mit Gabe an den Tagen 1, 8 und 15.\n Tritt eine     ein, wird die Dosis an den Tagen 8 und 15 reduziert. Der Grad der Dosisreduktion ist abh\u00c3\u00a4ngig von der Schwere der Toxizit\u00c3\u00a4t.\n .\n Als Nebenwirkungen treten u.a. auf:\n Es kommt zur Inhibition der Leberenzyme   und  . Ob dieser Effekt klinisch relevant ist, wird noch beobachtet.\n Die Wirkstoffspiegel entsprechend verstoffwechselter Arzneimittel sollten daher gerade zu Beginn der Therapie mit Pixantron beobachtet und deren Dosierung ggf. angepasst werden.\n Aufgrund der m\u00c3\u00b6glichen   sollte vor der ersten Gabe unbedingt eine Ausgangsuntersuchung des Herzens erfolgen, welche im Laufe der Therapie auch wiederholt werden sollte.\n Die Zulassung wurde am 10. Mai 2012 erteilt und am 06. Juni 2019 verl\u00c3\u00a4ngert. Hersteller ist  . Bei Kindern und Patienten mit   oder   liegen kaum bis keine Daten vor. Die   erlaubt den Einsatz an Minderj\u00c3\u00a4hrigen ohne Vorlage entsprechender Studien. \n Die   des   f\u00c3\u00bcr Pixantron auf der Basis der vom   gesichteten Studien des Herstellers lautet:\n Die   betragen 65.047,68 \u00e2\u201a\u00ac \n"",[],[]
23,flexikon,https://flexikon.doccheck.com/de/Pharmakologie,NULL,""\n \n Die   ist die Wissenschaft von den biologischen Wirkungen der   (Pharmaka). Sie untersucht diese Stoffe mit dem Ziel,   Prozesse zu steuern und   Prozesse zu beeinflussen.\n Man unterscheidet verschiedene Disziplinen innerhalb der Pharmakologie.\n Die   besch\u00c3\u00a4ftigt sich mit den allgemeinen Prinzipien und Grundregeln der Pharmakologie. Aufgaben sind die Ableitung allgemein geltender Gesetzm\u00c3\u00a4\u00c3\u0178igkeiten aus der Wirkung verschiedener Pharmaka sowie die Identifizierung von Gruppen von Arzneistoffen mit gemeinsamen  .\n Die   besch\u00c3\u00a4ftigt sich mit der umfassenden Betrachtung der Wirkung der einzelnen Arzneistoffe.\n In der   werden anhand von   die pharmakologischen Wirkungen eines Arzneistoffes untersucht. Dabei werden Untersuchungen an  ,   und   gemacht sowie   durchgef\u00c3\u00bchrt. Die experimentellen Untersuchungen erfolgen in der der Regel vor der klinischen Pr\u00c3\u00bcfung eines Arzneimittels.\n Die   dient der Erforschung, Dokumentation und Beurteilung von Arzneimitteln aller Art in ihrer Anwendung am Patienten. Dabei werden   durchgef\u00c3\u00bchrt, um die Nachweise f\u00c3\u00bcr die Wirkung und Unbedenklichkeit der Arzneimittel zu erbringen.\n Die   ist h\u00c3\u00a4ufig der Pharmakologie angegliedert. Es handelt sich jedoch um ein   Fachgebiet. Die Toxikologie besch\u00c3\u00a4ftigt sich mit Eigenschaften und den Mechanismen der  . Auch unerw\u00c3\u00bcnschte Wirkungen von Arzneistoffen werden untersucht und deren Vermeidung, Erkennung und Therapie erforscht.\n Die Pharmakologie besch\u00c3\u00a4ftigt sich unter anderem mit den folgenden Inhalten: \n Eine Weiterbildung zum   f\u00c3\u00bcr Pharmakologie ist an entsprechenden Instituten und Kliniken m\u00c3\u00b6glich. In der Pharmakologie t\u00c3\u00a4tige Personen werden auch als   bezeichnet.\n \n"",[],[]
24,flexikon,https://flexikon.doccheck.com/de/Perhexilin,NULL,""\n \n  ist ein   zur Behandlung einer    , insbesondere bei Patienten, bei denen andere Therapieformen nicht geeignet sind. In der EU ist Perhexilin derzeit (2024) nicht zugelassen.\n Perhexilin hemmt die  , ein Enzym, das f\u00c3\u00bcr die Aufnahme langkettiger   in die   verantwortlich ist. Diese Hemmung f\u00c3\u00bchrt zu einer Reduktion des     ( ). Infolgedessen wird der Stoffwechsel des Myokards st\u00c3\u00a4rker auf   umgestellt, was die Energieproduktion des Herzens effizienter gestaltet. Da die  -Synthese bei der Kohlenhydratverwertung im Vergleich zur Beta-Oxidation weniger Sauerstoff ben\u00c3\u00b6tigt, sinkt der myokardiale Sauerstoffbedarf.\n Perhexilin wird in der Leber metabolisiert. Dabei wird es durch   zu einem cis- und trans Isomer  . Etwa 7-10% der Menschen europ\u00c3\u00a4ischer Abstammung sind sogenannte \" \" \u00c2\u00a0\u00e2\u20ac\u201c bei ihnen l\u00c3\u00a4uft die Verstoffwechselung von Perhexilin und anderen Wirkstoffen deutlich verlangsamt ab. Grund daf\u00c3\u00bcr ist ein genetischer  , der den Metabolismus beeintr\u00c3\u00a4chtigt. \n Die   betr\u00c3\u00a4gt zwischen 2 und 22 Tagen.\n .\n"",[],[]
25,flexikon,https://flexikon.doccheck.com/de/PEGylierung,NULL,""\n \n Die   ist ein   Verfahren, bei dem    oder   mit   (PEG)   werden. \n Die kettenf\u00c3\u00b6rmige Struktur von PEG sch\u00c3\u00bctzt als Umh\u00c3\u00bcllung die entsprechenden Molek\u00c3\u00bcle vor einem vorzeitigen Abbau durch k\u00c3\u00b6rpereigene   - vor allem   Arzneistoffe werden h\u00c3\u00a4ufig schnell von   abgebaut. Die PEGylierung verl\u00c3\u00a4ngert die   und Zirkulationszeit der Wirkstoffe. Die   Ausscheidung wird verlangsamt. So k\u00c3\u00b6nnen die betreffenden Arzneistoffe bzw. Diagnostika l\u00c3\u00a4nger ihre Wirkung entfalten.\n Die PEGylierung wird auch benutzt, um die   von Arzneistoffen zu verringern, was zu einer geringeren   f\u00c3\u00bchrt. Bei Proteinen, die \u00c3\u00bcber einen l\u00c3\u00a4ngeren Zeitraum gegeben werden m\u00c3\u00bcssen (z.B. rekombinante Gerinnungsfaktoren), kann eine Hemmk\u00c3\u00b6rperbildung zu einem Wirkungsverlust f\u00c3\u00bchren.\n"",[],[]
26,flexikon,https://flexikon.doccheck.com/de/Norfenefrin,NULL,""\n \n \n  ist ein   aus der Klasse der  , der sowohl in der   als auch in der   verwendet wird.\n Norfenefrin ist ein   hergestelltes Sympathomimetikum mit der     und einem   von 153,18  / .\n Norfenefrin liegt in   als Norfenefrinhydrochlorid (C H NO H ) vor, das bei   eine kristalline Form aufweist und einen   von 160 \u00c2\u00b0  besitzt. Norfenefrinhydrochlorid ist in   frei l\u00c3\u00b6slich.\n Norfenefrin geh\u00c3\u00b6rt zur Gruppe der direkt wirksamen Sympathomimetika, die fast ausschlie\u00c3\u0178lich   stimulieren. In seiner Wirksamkeit ist es deutlich schw\u00c3\u00a4cher als   und  . Nach   Verabreichung bewirkt es aufgrund der   Wirkung eine Erh\u00c3\u00b6hung des   und des   Widerstandes. Aufgrund der Blutdruckerh\u00c3\u00b6hung nimmt die   reflektorisch ab, wobei die Wirkungsdauer l\u00c3\u00a4nger ist als die der k\u00c3\u00b6rpereigenen Ausgangsstoffe.\n Als \u00ce\u00b1-selektives Sympathomimetikum tritt eine direkte Herzwirkung durch Stimulation von   erst bei sehr hohen Dosen auf.\n Durch die Aktivierung von \u00ce\u00b1-Rezeptoren in der   erh\u00c3\u00b6ht sich auch der urethrale Verschlussdruck.\n Nach oraler Gabe findet eine vollst\u00c3\u00a4ndige     von Norfenefrin statt. Nach der Resorption erfolgt bereits in der Darmwand eine   von Norfenefrin, u.a. eine Konjugation mit   und   sowie eine oxidative   mit Bildung von   und  . Die   von Norfenefrin haben keine vasokonstriktorische Wirkung. Norfenefrin unterliegt damit einem ausgepr\u00c3\u00a4gten  .\n Erst nachdem Norfenefrin   \u00c3\u00bcber einen l\u00c3\u00a4ngeren Zeitraum hinweg appliziert wurde, stellt sich ein niedriger Plasmaspiegel ein, der aufgrund der Speicherung von Norfenefrin in den   der     zu einer Funktionsverbesserung des   f\u00c3\u00bchrt. Dieser Effekt wird in der Humanmedizin zur Behandlung der     ausgenutzt.\n Norfenefrin wird zu 90\u00c2\u00a0% mit dem   ausgeschieden, wobei der Anteil von konjugiertem Norfenefrin \u00c3\u00bcber 50\u00c2\u00a0% betr\u00c3\u00a4gt.\n Die Wirkungsdauer h\u00c3\u00a4ngt von der Applikationsform ab:\n Norfenefrin kann bei   Kreislaufdysregulationen mit verminderter sympathischer Gegenregulation verwendet werden. Zus\u00c3\u00a4tzlich wird es bei Kreislaufzwischenf\u00c3\u00a4llen mit   wie z.B.   oder   verwendet.\n Beim   findet Norfenefrin haupts\u00c3\u00a4chlich bei Kreislaufinsuffizienz und Hypotonie Verwendung. Beim   wird es bei Kreislaufinsuffizienz, Hypotonie und Kreislaufzwischenf\u00c3\u00a4llen nach Verabreichung von   angewendet.\n Die effektive Wirkung von Norfenefrin ist bei oraler Gabe aufgrund der geringen   und kurzen   fraglich. Um einen   Effekt erzielen zu k\u00c3\u00b6nnen, muss Norfenefrin   appliziert werden.\n Sowohl beim  , als auch bei der  , beim  , beim   und beim   gelten die selben Dosierungsempfehlungen:\n .\n Nach einer Norfenefrin-Applikation kann es zu einer   kommen. Beim Pferd k\u00c3\u00b6nnen   auftreten. \n Norfenefrin interagiert mit Neuroleptika wie z.B.   oder  .\n Zu den absoluten   z\u00c3\u00a4hlen:\n"",[],[]
27,flexikon,https://flexikon.doccheck.com/de/Nematizid,NULL,""\n \n  sind eine Gruppe von   wirksamen  , die zur Gruppe der   geh\u00c3\u00b6ren.\n Nematizide besitzen haupts\u00c3\u00a4chlich eine Wirkung gegen   (Fadenw\u00c3\u00bcrmer). Da einige Arzneistoffe ein breitgef\u00c3\u00a4chertes Wirkspektrum aufweisen, gibt es verschiedene Nematizide, die gleichzeitig auch gegen   anderer Gruppen wirksam sind (z.B.   gegen  ).\n Zur Gruppe der Nematizide z\u00c3\u00a4hlen die meisten anthelmithisch wirksamen Antiparasitika.\n"",[],[]
28,flexikon,https://flexikon.doccheck.com/de/MEK-Inhibitor,NULL,""\n \n  sind    , welche die Funktion der     (MAP2K1) und   (MAP2K2) hemmen. Sie geh\u00c3\u00b6ren zu den  . Da es sich bei den   um     handelt, k\u00c3\u00b6nnen sie sowohl den   als auch den   zugeordnet werden.\n Die Proteinkinase MEK ist ein wichtiger Bestandteil des  . Dabei handelt es sich um um eine Kaskade verschiedener  , die sich in Reihe geschaltet durch   nacheinander aktivieren und ma\u00c3\u0178geblich an der Kontrolle des   beteiligt sind. Bei   von  , z.B. der h\u00c3\u00a4ufigen  , kommt es zu einer \u00c3\u0153beraktivit\u00c3\u00a4t dieses  , was zu unkontrolliertem Zellwachstum und damit zu   f\u00c3\u00bchren kann.\n MEK-Inhibitoren greifen in den Signalweg ein, indem sie an MEK1 und MEK2 binden. Dadurch verhindern sie, dass von diesem Schritt abh\u00c3\u00a4ngige     werden. Es kommt zum Abbruch der   und zur Inhibition der   der  .\n MEK-Inhibitoren werden vor allem zur Therapie des  , aber auch bei anderen Tumoren mit BRAF-Mutation eingesetzt.\n"",[],[]
29,flexikon,https://flexikon.doccheck.com/de/Maropitant,NULL,""\n \n \n  ist ein in der   verwendetes   aus der Klasse der   (NK1-Rezeptor-Antagonist).\n Maropitant geh\u00c3\u00b6rt   gesehen zu den   und wird in Form von Maropitant-Citrat-Monohydrat mit der    C H O H O als   verwendet. Das   des Monohydrats betr\u00c3\u00a4gt 678,8  /  und die Wasserl\u00c3\u00b6slichkeit ist sehr gering.\n Als selektiver Neurokinin-1-Rezeptor-Antagonist ist Maropitant ein potentes Antiemetikum, dessen Wirkung auf einer Hemmung der   im   ( ) beruht.\n Substanz P ist ein   aus der Familie der   und kommt in hohen   im Brechzentrum vor. Als wichtiger   im   des   wirkt es direkt \u00c3\u00bcber eine Freisetzung von   (ACh) an der  , sodass diese zur Kontraktion angeregt wird. So dient ACh als Schl\u00c3\u00bcsselneurotransmitter beim Ausl\u00c3\u00b6sen des  .\n Maropitant passiert die   und f\u00c3\u00bchrt zu einem  , funktionellen   der Aktivit\u00c3\u00a4t der Substanz P, indem es selektiv an den   bindet. Substanz P kann somit nicht mehr an die notwendigen   binden und es kommt zur antiemetischen Wirkung - sowohl bei zentralen (z.B.  ) als auch peripheren (z.B.  ) oder kombinierten (z.B.  - ) Ursachen. Bei zentral bedingtem Erbrechen ist die antiemetische Wirkung von Maropitant mit jener von   und   vergleichbar. Zur   des peripher bedingten Erbrechens ist Maropitant besser geeignet.\n Maropitant besitzt zus\u00c3\u00a4tzlich einen   Effekt bei Katzen und Hunden. \n Maropitant wird beim   und bei der   sowohl nach   als auch nach     schnell und wirkungsvoll resorbiert.\n Der   wird in der   durch das   metabolisiert. An der Metabolisierung sind zwei Cytochrom P450-  involviert: CYP2D15 (niedrige Kapazit\u00c3\u00a4t und hohe  ) und CYP3A12 (hohe Kapazit\u00c3\u00a4t und niedrige Affinit\u00c3\u00a4t). Es sind insgesamt 21   bekannt, der pharmakologische Hauptmetabolit CJ-18,518 entsteht durch  .\n Die   erfolgt zum Gro\u00c3\u0178teil \u00c3\u00bcber den  . Die   Exkretion des Hauptmetaboliten betr\u00c3\u00a4gt weniger als 1\u00c2\u00a0% der verabreichten Dosis.\n Maropitant wird als potentes Antiemetikum bei Hunden und Katzen verwendet. Der Wirkstoff kommt haupts\u00c3\u00a4chlich zur   und   des akuten Erbrechens - verursacht durch zentrale und periphere   - zur Anwendung, z.B. bei   oder nach Gabe von  ,   oder  . \n Da Maropitant zum gr\u00c3\u00b6\u00c3\u0178ten Teil \u00c3\u00bcber die Leber metabolisiert wird, sollten Patienten mit einer beeintr\u00c3\u00a4chtigen Leberfunktion nur unter engmaschiger Kontrolle mit Maropitant behandelt werden. Aufgrund der Affinit\u00c3\u00a4t zu   und   ist Maropitant ein schwacher Kalzium-Kanalblocker. Aus diesem Grund sollten Patienten mit manifester  \u00c2\u00a0nur unter strenger Aufsicht Maropitant erhalten.\n .\n Bei subkutaner Applikation kann Maropitant kurzzeitig milde bis moderate   hervorrufen.\n Maropitant sollte aufgrund der Affinit\u00c3\u00a4t zu Kalzium- und Kaliumkan\u00c3\u00a4len nicht gleichzeitig mit   angewendet werden.\n"",[],[]
30,flexikon,https://flexikon.doccheck.com/de/Levodropropizin,NULL,""\n \n  ist ein nicht-opioides  , das zur Behandlung von trockenem   angewendet wird. Der Wirkstoff ist seit 2022 nicht mehr  .\n Der Wirkmechanismus von Levodropropizin ist nur teilweise gekl\u00c3\u00a4rt. Postuliert wird eine   Wirkung am  , wodurch die hustenausl\u00c3\u00b6senden Botenstoffe  ,   und   gehemmt werden.\n Die   von Levodropropizin betr\u00c3\u00a4gt ca. 75\u00c2\u00a0%. Die   liegt zwischen 1 und 2 Stunden. Der Wirkstoff wird teilweise metabolisiert und   ausgeschieden. Eine wiederholte t\u00c3\u00a4gliche Anwendung f\u00c3\u00bchrt nicht zur   des Wirkstoffs im K\u00c3\u00b6rper.\n Levodropropizin wird bei unproduktivem Reizhusten angewendet. Neben   und   ist Levodropropizin eines der wenigen chemischen Antitussiva, die auch bei Kindern angewendet werden k\u00c3\u00b6nnen.\n F\u00c3\u00bcr Erwachsene und Jugendliche ab 12 Jahren betr\u00c3\u00a4gt die \u00c3\u00bcbliche Dosierung 60 mg Levodropropizin 3-mal t\u00c3\u00a4glich, was einer Tagesdosis von 180 mg entspricht. Handels\u00c3\u00bcbliche Hustens\u00c3\u00a4fte mit Levodropropizin haben meistens eine Konzentration von 6 mg/mL, das hei\u00c3\u0178t eine Einzeldosis entspricht bei diesen Pr\u00c3\u00a4paraten 10 mL Saft. Die Anwendungsdauer liegt bei maximal 7 Tagen.\n Levodropropizin wird bei Kindern zwischen 2 und 12 Jahren nach K\u00c3\u00b6rpergewicht dosiert. Die t\u00c3\u00a4gliche Dosis betr\u00c3\u00a4gt 0,5 mg Levodropropizin pro  , welche auf 3 Einzeldosen mit 6 Stunden Abstand verteilt werden soll.\n .\n Der Arzneistoff soll vorzugsweise zwischen den Mahlzeiten angewendet werden.\n Levodropropizin ist gut vertr\u00c3\u00a4glich und f\u00c3\u00bchrt bei weniger als 1 von 10.000 Patienten zu Nebenwirkungen. M\u00c3\u00b6gliche seltene Nebenwirkungen sind\n Levodropropizin soll nicht bei Kindern unter 2 Jahren angewendet werden. Es ist bei schweren Lebersch\u00c3\u00a4den kontraindiziert.\n Antitussiva wie Levodropropizin sollen nicht zeitgleich mit   eingenommen werden, da der gel\u00c3\u00b6ste Schleim sonst nicht abgehustet werden kann.\n Levodropropizin passiert die   und geht in die Muttermilch \u00c3\u00bcber. Es darf deshalb in   und   nicht angewendet werden.\n Bisher (2024) gibt es keine bekannten F\u00c3\u00a4lle von Sch\u00c3\u00a4den durch \u00c3\u0153berdosierung.\n 2022 wurde Levodropropizin nach der Empfehlung vom   vom   aus der   entlassen und ist somit in Deutschland auch ohne   erh\u00c3\u00a4ltlich.\n"",[],[]
31,flexikon,https://flexikon.doccheck.com/de/Leniolisib,NULL,""\n \n  ist ein  , der in den USA zur Behandlung des   (APDS) zugelassen ist.\n Leniosilib weist als Grundstruktur ein 7,8-dihydro-5H-pyrido[4,3-d]pyrimidin auf, das von der Anordnung seiner   der klassischen Form eines   entspricht. Das Molek\u00c3\u00bcl ist  .\n Die   lautet C H F N O , das   betr\u00c3\u00a4gt 450,5 g/ . \n Beim APDS weist die   (PI3K) eine erh\u00c3\u00b6hte Enzymaktivit\u00c3\u00a4t auf. Dies f\u00c3\u00bchrt zu einer \u00c3\u00bcberm\u00c3\u00a4\u00c3\u0178igen   und vorzeitigen Alterung von  , wodurch diese fr\u00c3\u00bchzeitig absterben k\u00c3\u00b6nnen. Hauptsymptome der Erbkrankheit sind eine erh\u00c3\u00b6hte Infektanf\u00c3\u00a4lligkeit und Schwellungen des   . Auch die Wahrscheinlichkeit f\u00c3\u00bcr eine   ist erh\u00c3\u00b6ht. \n Leniolisib inhibiert die Phosphoinositid-3-Kinase durch Bindung an das aktive Zentrum des  . Auf diese Weise k\u00c3\u00b6nnen die negativen Effekte der erh\u00c3\u00b6hten Enyzmaktivit\u00c3\u00a4t teilweise aufgehoben werden.\n Die   betr\u00c3\u00a4gt 10 Stunden, das   28,5 Liter. Die Verstoffwechselung erfolgt haupts\u00c3\u00a4chlich \u00c3\u00bcber  . \n Leniosilib wird zur Behandlung des Activated PI3K Delta Syndroms bei Patienten \u00c3\u00a4lter als 12 Jahren angewendet. \n Leniolisib ist als   zur oralen Einnahme verf\u00c3\u00bcgbar.\n Die empfohlene   betr\u00c3\u00a4gt je 70 mg zweimal t\u00c3\u00a4glich. Die Anwendung bei Patienten mit   wird nicht empfohlen.\n .\n Leniolisib ist ein Substrat von  . Die gleichzeitige Gabe von   und   des Enzyms sollte vermieden werden. Substrate von  ,   und   sollten ebenfalls nicht gleichzeitig mit Leniolisib eingesetzt werden.\n Leniolisib ist ein Inhibitor von   und kann die   anderer CYP1A2-Substrate herabsetzen. \n Die Wirksamkeit von   kann vermindert sein.\n Leniosilib ist   und sollte daher bei schwangeren Frauen nicht angewendet werden.\n Die Zulassung durch die amerikanische Arzneimittelbeh\u00c3\u00b6rde   erfolgte im Jahr 2023.\n"",[],[]
32,flexikon,https://flexikon.doccheck.com/de/Lenadogen-Nolparvovec,NULL,""\n \n  ist eine experimentelle   f\u00c3\u00bcr die Behandlung der   (LHON). Der Antrag auf Marktzulassung in der EU wurde 2023 zur\u00c3\u00bcckgezogen, nachdem der Wirkstoff in   nicht die   erreichte.\n"",[],[]
33,flexikon,https://flexikon.doccheck.com/de/Langendorff-Apparatur,NULL,""\n Unter der   versteht man eine Maschine, an die man im Rahmen von Experimenten ein isoliertes perfundiertes   anschlie\u00c3\u0178t und anschlie\u00c3\u0178end Versuche durchf\u00c3\u00bchrt. Auch zur Isolierung von   wird diese Methode verwendet. \n Nach der Isolierung des Herzens wird dieses an der   kan\u00c3\u00bcliert und an die Langendorff-Apparatur angeschlossen. Das isolierte Herz wird   (gegenl\u00c3\u00a4ufig) perfundiert und auf 37\u00c2\u00b0C temperiert. Die Methode ist in der   Forschung von gro\u00c3\u0178er Bedeutung. Neu entwickelte oder isolierte Wirkstoffe f\u00c3\u00bcr Herzerkrankungen werden so auf ihre Wirksamkeit getestet.\n"",[],[]
34,flexikon,https://flexikon.doccheck.com/de/Kapsel,NULL,""\n \n Eine   ist in der   eine feste    von  , die in der Regel eine exakt festgelegte   enth\u00c3\u00a4lt.\n Kapseln k\u00c3\u00b6nnen dem Heilungsprozess, der Linderung, der   oder der Erkennung von Krankheiten dienen. Die   einer Kapsel erfolgt meist:\n Kapseln setzen sich aus einer H\u00c3\u00bclle, die unterschiedliche Eigenschaften aufweisen kann, und einer F\u00c3\u00bcllung mit dem eigentlichen    zusammen. Sie k\u00c3\u00b6nnen sehr unterschiedlich dimensioniert sein und zwischen 0,2 und 1,5 g Wirkstoff enthalten.\n Meist bestehen Kaspelh\u00c3\u00bcllen aus geschmacksneutralem tierischem   ( ) oder aus pflanzlicher   (z.B. aus Weizenst\u00c3\u00a4rke). Im Inneren der Kapsel befindet sich der Wirkstoff, der in fester Form ( ,  ,  ) oder in L\u00c3\u00b6sung als Fl\u00c3\u00bcssigkeit vorliegt.\n Je nach der Art der Kapselh\u00c3\u00bclle l\u00c3\u00b6st sie sich im   oder erst im   auf, wo der Arzneistoff dann seine Wirkung entfaltet. Die F\u00c3\u00a4rbung der Kapselh\u00c3\u00bclle, welche mit Lebensmittelfarben durchgef\u00c3\u00bchrt wird, hat zweierlei Funktionen:\n Hartkapseln k\u00c3\u00b6nnen auch auf Bestellung in der   von Hand hergestellt werden. Weich(gelatine)kapseln, die mit Fl\u00c3\u00bcssigkeit gef\u00c3\u00bcllt sind, werden ausschlie\u00c3\u0178lich maschinell, also industriell hergestellt. Ihrer H\u00c3\u00bclle werden   wie   oder   zugesetzt.\n Damit es zu keinen Formver\u00c3\u00a4nderungen kommt, sollten Kapseln nicht zu trocken und nicht zu feucht gelagert werden.\n"",[],[]
35,flexikon,https://flexikon.doccheck.com/de/Inotersen,NULL,""\n  ist ein   aus der Klasse der  , der zur Behandlung der   (ATTRm) eingesetzt wird.\n Inotersen ist ein Antisense-Oligonukleotid (ASO), das beim Menschen die Produktion von   (TTR) hemmt. Der Wirkstoff bindet selektiv an die   des Transthyretins und blockiert dadurch die   des abh\u00c3\u00a4ngigen Proteins. Dadurch wird sowohl die   von mutiertem als auch von normalem Wildtyp-Transthyretin unterbrochen. Durch die verringerte Bildung des mutierten Proteins wird dessen Ablagerung in den Geweben verhindert und das weitere Fortschreiten der   verz\u00c3\u00b6gert.\n Inotersen liegt   zur   Injektion vor.\n Die empfohlene Dosis betr\u00c3\u00a4gt 284 mg Inotersen pro Woche\n .\n Folgende   traten h\u00c3\u00a4ufig (\u00e2\u2030\u00a5 1/100, < 1/10) oder sehr h\u00c3\u00a4ufig (\u00e2\u2030\u00a5 1/10) auf:\n Aufgrund des spezifischen Wirkmechanismus kann ein   auftreten.\n  k\u00c3\u00b6nnen mit folgenden Wirkstoffen auftreten:\n In den USA wurde Inotersen im Oktober 2018 von der FDA zugelassen. Die Zulassung in der Europ\u00c3\u00a4ischen Union durch die   erfolgte bereits im Juli 2018. Hersteller ist  .\n Inotersen ist als   zugelassen. Gem\u00c3\u00a4\u00c3\u0178 \u00c2\u00a7 35a Abs. 1 Satz 11   gilt der   durch die Zulassung als belegt.\n Die   f\u00c3\u00bcr eine Behandlung mit Inotersen liegen aufgerundet zwischen 338.055 \u00e2\u201a\u00ac und 676.090 \u00e2\u201a\u00ac. \n"",[],[]
36,flexikon,https://flexikon.doccheck.com/de/Ibutilid,NULL,""\n  ist ein   der Klasse III, das zur     von   und   eingesetzt wird. Die Anwendung erfolgt als     unter kontinuierlicher  -\u00c3\u0153berwachung.  \n Ibutilid verl\u00c3\u00a4ngert die   und die effektive  . Die dadurch ausgel\u00c3\u00b6ste  Unterbrechung der   in den   erm\u00c3\u00b6glicht die Konversion von Vorhofflimmern und Vorhofflattern in einen  .\n Die Wirkung beruht prim\u00c3\u00a4r auf zwei Effekten: Erstens aktiviert Ibutilid einen langsamen, sp\u00c3\u00a4ten   (\"late inward sodium current\"), der die Plateauphase des Aktionspotenzials verl\u00c3\u00a4ngert. Zweitens hemmt es den schnellen Anteil des verz\u00c3\u00b6gerten   (IKr), was die   verz\u00c3\u00b6gert. Im EKG zeigt sich eine Verl\u00c3\u00a4ngerung der  . Die   ist dabei ein Alleinstellungsmerkmal unter den Klasse-III-Antiarrhythmika.\n Ibutilid wird angewendet zur akuten Kardioversion von Vorhofflimmern oder Vorhofflattern in den Sinusrhythmus, insbesondere bei   stabilen Patienten mit Arrhythmien von kurzer Dauer.\n Die wichtigsten Nebenwirkungen sind die Induktion von  - (2\u00e2\u20ac\u201c7\u00e2\u20ac\u00af%) und anderen  . Die   Wirkung, insbesondere die Induktion von Torsade-de-Pointes-Tachykardien, ist eine direkte Folge der QT-Verl\u00c3\u00a4ngerung. Daher ist eine engmaschige \u00c3\u0153berwachung w\u00c3\u00a4hrend und nach der Ibutilid-Gabe essenziell. Die maximale QT-Verl\u00c3\u00a4ngerung tritt am Ende der Infusion auf und normalisiert sich innerhalb von 2\u00e2\u20ac\u201c4 Stunden.\n Ibutilid ist   bei:\n"",[],[]
37,flexikon,https://flexikon.doccheck.com/de/H%C3%A4moprotozoikum,NULL,"" sind  , die in der   gegen     eingesetzt werden.\n Es existieren unterschiedliche  , die jeweils an unterschiedlichen Wirkorten im spezifischen   der parasitischen   (Einzeller) angreifen.\n Da vektor\u00c3\u00bcbertragene Protozoenerkrankungen im mitteleurop\u00c3\u00a4ischen Raum noch selten sind, sind in Deutschland und \u00c3\u2013sterreich keine H\u00c3\u00a4moprotozoika zugelassen. Da sich jedoch einige Erreger sowie ihre Vektoren nach Norden ausbreiten und importierte   an H\u00c3\u00a4ufigkeit zunehmen, m\u00c3\u00bcssen dementsprechende   vorgenommen werden.\n"",[],[]
38,flexikon,https://flexikon.doccheck.com/de/Heilpflanze,NULL,""\n \n Der Begriff   beschreibt eine Pflanze, die durch ihren Gehalt an bestimmen Wirkstoffen zu einer Linderung von   eingesetzt wird. Generell sind Heilpflanzen nicht nur Arzneipflanzen oder Heilkr\u00c3\u00a4uter, sondern auch  - oder  . Entscheidend f\u00c3\u00bcr die   ist die   an  , die durch die Pflanze zugef\u00c3\u00bchrt wird. \n H\u00c3\u00b6here Pflanzen werden in die   und \n  unterteilt, die nach typischen eindeutigen Merkmalen unterschieden werden k\u00c3\u00b6nnen. Bei beiden Gruppen kommen Heilpflanzen vor. \n Die Bestimmung von Pflanzenfamilien erfolgt nach entscheidenden Feldmerkmalen. Zu den bedeutsamsten Familien mit wirksamen Inhaltsstoffen z\u00c3\u00a4hlen:\n"",[],[]
39,flexikon,https://flexikon.doccheck.com/de/Guanabenz,NULL,""\n  ist ein selektiver  , der als   zur Behandlung des arteriellen    verwendet wird. Er ist zur Zeit (2023) in Deutschland nicht zugelassen. \n Die h\u00c3\u00a4ufigsten Nebenwirkungen bei der Therapie mit Guanabenz sind  ,  ,  ,  ,   und  .\n Im   weist Guanabenz   Eigenschaften auf, z.B. bei  .  Au\u00c3\u0178erdem konnte der Wirkstoff bei   die Schwere der   verringern. Es wird vermutet, dass die Symptomlinderung auf die Hemmung des     (CH25H) zur\u00c3\u00bcckzuf\u00c3\u00bchren ist.  Dar\u00c3\u00bcber hinaus wird Guanabenz im Zusammenhang mit der Behandlung von   untersucht.  \n"",[],[]
40,flexikon,https://flexikon.doccheck.com/de/Furafyllin,NULL,""\n  ist ein Wirkstoff, der ausschlie\u00c3\u0178lich in der Forschung eingesetzt wird, um   zu blockieren. So kann die   anderer   und deren   in der   untersucht werden. \n Furafyllin wurde urspr\u00c3\u00bcnglich als Alternative zu   in der  -Therapie entwickelt. Allerdings f\u00c3\u00bchrten die geringe Wirksamkeit und die ausgepr\u00c3\u00a4gte Blockade von CYP-Enzymen dazu, dass der Wirkstoff in Deutschland heutzutage nicht mehr f\u00c3\u00bcr diese Indikation zugelassen ist.\n In zahlreichen Untersuchungen wurde beobachtet, dass Furafyllin als   von CYP-Enzymen wirkt. Die Bindung ist nicht selektiv und betrifft eine Gro\u00c3\u0178zahl an CYP-Enzymen, wobei die Affinit\u00c3\u00a4t zu   besonders stark ist. \n Aufgrund der CYP-Hemmung wird Furafyllin f\u00c3\u00bcr  - und  -Versuche eingesetzt, die den Lebermetabolismus untersuchen. Dadurch k\u00c3\u00b6nnen der Abbau von Arzneimitteln im K\u00c3\u00b6rper oder   erforscht werden. Wenn die Gabe von Furafyllin beispielsweise zum Anstieg der   eines Arzneistoffs f\u00c3\u00bchrt, kann daraus die Hypothese abgeleitet werden, dass CYP-Enzyme eine wichtige Rolle im Abbau dieses Stoffs spielen.\n Meist wird Furafyllin in Labor- oder   eingesetzt. Jedoch gibt es auch Studien, bei denen Furafyllin in Menschen angewendet wird, um Erkenntnisse \u00c3\u00bcber den hepatischen Metabolismus zu gewinnen.  Furafyllin wird bei   Einnahme resorbiert. Auch wenn der Wirkstoff nicht als   gilt, kann es zu   kommen, wie z.B. Magen-Darm-Beschwerden,   oder  .\n"",[],[]
41,flexikon,https://flexikon.doccheck.com/de/Frunevetmab,NULL,""\n \n  ist ein    , der bei der   zur   von   im Rahmen einer   eingesetzt wird.\n Beim   findet der canine monoklonale Antik\u00c3\u00b6rper   Anwendung.\n Frunevetmab ist ein monoklonaler Antik\u00c3\u00b6rper, der   in   produziert wird. Der   liegt als transparente bis leicht opaleszente   mit einer   von 7  /  vor.\n Der Wirkstoff richtet sich gegen den   (NGF) und f\u00c3\u00bchrt durch eine Hemmung der NGF-vermittelten   zu einer Verringerung der arthrosebedingten Schmerzen.\n Es wird angenommen, dass Frunevetmab \u00c3\u00bcber die normalen     in kleinere   und   abgebaut wird. Der Wirkstoff wird dabei jedoch nicht durch    . Deshalb sind   mit anderen  , die  ,   oder   von Cytochrom P450 sind, unwahrscheinlich.\n Die empfohlene   betr\u00c3\u00a4gt 1 bis 2,8 mg/  einmal monatlich. Hierf\u00c3\u00bcr ist stets der gesamte Inhalt (1 ml) der Durchstechflasche   zu verabreichen.\n Frunevetmab kommt zur   von arthrosebedingten Schmerzen bei der Katze zum Einsatz.\n Der Arzneistoff darf nicht bei  , die j\u00c3\u00bcnger als 12 Monate alt sind, angewendet werden. Gleichzeitig ist ein Einsatz bei bekannter \u00c3\u0153berempfindlichkeit gegen den Wirkstoff oder einen der sonstigen Bestandteilen  . Aufgrund m\u00c3\u00b6glicher   darf Frunevetmab nicht bei   oder   sowie zur Zucht vorgesehenen Tieren verwendet werden.\n Frunevetmab kann bei   auch   oder gar   Anti-Wirkstoff-  induzieren, weshalb es bei mehrfacher Anwendung zu einer Reduktion der Wirksamkeit kommen kann. Tritt nach der Verabreichung der zweiten Dosis keine   relevante Besserung ein, ist eine alternative   in Betracht zu ziehen.\n Nach subkutanen Injektion k\u00c3\u00b6nnen oftmals     ( ,  \u00c2\u00a0und  ) beobachtet werden.\n  mit anderen Arzneimitteln sind bislang (2022) nicht bekannt.\n"",[],[]
42,flexikon,https://flexikon.doccheck.com/de/Flunixin-Meglumin,NULL,""\n \n  ist die in der   am h\u00c3\u00a4ufigsten eingesetzte Form des    .\n Flunixin hat die   C H F N O  und eine   von 296,2  / . Es ist ein   der   und geh\u00c3\u00b6rt zur Gruppe der  . In der Veterin\u00c3\u00a4rmedizin wird es haupts\u00c3\u00a4chlich in Form eines   in Verbindung mit   als Flunixin-Meglumin eingesetzt.\n   \n"",[],[]
43,flexikon,https://flexikon.doccheck.com/de/Fialuridin,NULL,""\n , kurz  , ist ein nicht zugelassener  , der wegen seiner   Wirkung in der  -Therapie untersucht wurde. Nachdem   keine Hinweise auf   ergaben, wurde eine   durchgef\u00c3\u00bchrt, bei der 5 von 15   an   starben. \n Fialuridin ist ein  , das als   die Struktur von   nachahmt. Es wird dadurch als falscher Baustein in die virale   eingebaut und hemmt die   von Viren. In Laboruntersuchungen zeigte der Wirkstoff eine gute Wirksamkeit gegen Hepatitis B-Viren.\n Die Toxizit\u00c3\u00a4t von Fialuridin beruht darauf, dass auch die menschlichen   den Antimetaboliten in ihre DNA einbauen und sich deshalb nicht mehr replizieren k\u00c3\u00b6nnen. Das bedeutet, dass der Wirkstoff die Mitochondrien nicht direkt sch\u00c3\u00a4digt, sondern nur w\u00c3\u00a4hrend der Replikationsphase. Dies erkl\u00c3\u00a4rt auch, warum Fialuridin keine akute Toxizit\u00c3\u00a4t zeigt, sondern nur nach einer dauerhaften, wochenlangen Einnahme.\n Nachdem Fialuridin in der Entwicklung eine vielversprechende antivirale Wirkung aufwies, wurden Tierstudien durchgef\u00c3\u00bchrt, bei denen keine Toxizit\u00c3\u00a4t festgestellt werden konnte. 1993 wurde deshalb in den USA eine klinische Studie an Menschen durchgef\u00c3\u00bchrt. Von den 15 Probanden entwickelten 7 eine Lebersch\u00c3\u00a4digung, die verz\u00c3\u00b6gert nach einigen Wochen auftrat. In der Folge starben 5 der Probanden an Leberversagen. Die Trag\u00c3\u00b6die f\u00c3\u00bchrte zur Versch\u00c3\u00a4rfung der Regeln f\u00c3\u00bcr klinische Studien, beispielsweise zur Forderung von zus\u00c3\u00a4tzlichen   Untersuchungen und strengeren Ethik- und Sicherheitsvorschriften. Trotz anschlie\u00c3\u0178ender gerichtlicher Auseinandersetzungen kam es zu keiner strafrechtlichen Verurteilung einer verantwortlichen Person.\n Fialuridin wird heutzutage oft als Beispiel daf\u00c3\u00bcr verwendet, dass Tierversuche nicht ohne Weiteres auf Menschen \u00c3\u00bcbertragen werden k\u00c3\u00b6nnen. Ratten und andere Versuchstiere k\u00c3\u00b6nnen unempfindlich gegen Wirkstoffe sein, die toxisch f\u00c3\u00bcr Menschen sind und andersherum.\n"",[],[]
44,flexikon,https://flexikon.doccheck.com/de/Eutomer,NULL,"" ist ein Begriff aus der  . Er bezeichnet das hinsichtlich der gew\u00c3\u00bcnschten   Wirkung aktivere   eines    . Das pharmakologisch inaktivere, d.h. schw\u00c3\u00a4chere Enantiomer wird   genannt.\n Die Bezeichnung \"Eutomer\" wurde von Everhardus J. Ariens vorgeschlagen, der zugleich die Entwicklung reiner Enantiomere als Arzneistoffe forderte, um   von   zu minimieren. Fr\u00c3\u00bcher wurden vielfach   als Arzneistoffe eingesetzt. Heute werden, wenn m\u00c3\u00b6glich, reine Eutomere verwendet.\n Die Wirkst\u00c3\u00a4rke des Eutomers und des Distomers eines Arzneistoffes bilden als Quotient das  . Der dekadische Logarithmus ist der  .\n"",[],[]
45,flexikon,https://flexikon.doccheck.com/de/Erythrozyten-Reife-Aktivator,NULL,""Klick auf   und mach daraus einen Articulus longissimus! Klick auf   und mach daraus einen Articulus longissimus!   \n \n , kurz  , sind eine   zur Behandlung einer  . Sie f\u00c3\u00b6rdern die Ausreifung der   im Rahmen der  . Der bisher (2020) einzige Vertreter ist  .\n"",[],"["https://dccdn.de/flexikon.doccheck.com/assets/images/icons/Articulus_minimus.png", "https://dccdn.de/flexikon.doccheck.com/assets/images/icons/Articulus_minimus.png"]"
46,flexikon,https://flexikon.doccheck.com/de/Enrofloxacin,NULL,""\n \n \n  ist ein   aus der Gruppe der  , das haupts\u00c3\u00a4chlich in der   zum Einsatz kommt.\n Der   Name von Enrofloxacin lautet 1-Cyclopropyl-6-fluoro-1,4-dihydro-4-oxo-7-(ethyl-1-piperazyl)-3-chinolon-Carbons\u00c3\u00a4ure. Der   liegt als schwach gelbes, kristallines   mit     vor, das nur gering wasserl\u00c3\u00b6slich ist.\n Enrofloxacin ist ein Fluorchinolon der 2. Generation. Als   wirkt es   gegen  \u00c2\u00a0und   Bakterien und greift sowohl in die station\u00c3\u00a4re Phase als auch in die Wachstumsphase der   ein. Es ist nur schwach wirksam gegen  . \u00c3\u201ehnlich den meisten Fluorchinolonen verf\u00c3\u00bcgt es \u00c3\u00bcber einen postantibiotischen Effekt, sodass auch nach dem Absinken des notwendigen Wirkspiegels noch das Bakterienwachstum unterdr\u00c3\u00bcckt werden kann.\n Aufgrund seiner   dringt Enrofloxacin leicht ins   ein. Sehr hohe   k\u00c3\u00b6nnen in  ,  ,  ,   und den   gefunden werden.\n Enrofloxacin wird zu 40\u00c2\u00a0% in der Leber zu   deethyliert. Die   h\u00c3\u00a4ngt von der  \u00c2\u00a0ab und erfolgt entweder \u00c3\u00bcber die Nieren oder die Leber. Bei der Elimination treten 15 bis 50\u00c2\u00a0% durch   und     unver\u00c3\u00a4ndert im   auf, w\u00c3\u00a4hrend zwischen 30 und 40\u00c2\u00a0% zu Ciprofloxacin verstoffwechselt werden.\n Enrofloxacin ist ein   und sollte daher nur bei gesonderter   und nach erfolgtem   zur Anwendung kommen. Um eine   zu vermeiden, ist Enrofloxain nur bei schweren Infektionen mit gramnegativen Bakterien oder   sowie bei bereits bestehenden Resistenzen gegen\u00c3\u00bcber anderen Antibiotika einzusetzen.\n Der Wirkstoff kommt bei   und  ,  ,  ,   und   (z.B.  ) zum Einsatz. Gleichzeitig kann Enrofloxacin auch bei   (auch  ),  ,  ,   und   verwendet werden. Der Einsatz beim   ist aufgrund m\u00c3\u00b6glicher   nur unter besonderen Umst\u00c3\u00a4nden indiziert.\n Folgende Tabelle listet nur beispielhaft Dosierungsvorschl\u00c3\u00a4ge f\u00c3\u00bcr ausgew\u00c3\u00a4hlte Zieltierarten auf:\n .\n Bei der intramuskul\u00c3\u00a4ren sowie intraven\u00c3\u00b6sen   von Enrofloxacin k\u00c3\u00b6nnen lokale Reizungen an der Injektionsstelle entstehen. Vereinzelt kommt es zu   St\u00c3\u00b6rungen wie  ,   oder auch  . \n In seltenen F\u00c3\u00a4llen kommt es nach der Verabreichung von Enrofloxacin zu  , die jedoch gut auf   ansprechen. Weitere Nebenwirkungen sind  ,   und   bei bereits   Urin.\n Jungtiere (z.B. Hunde und Katzen unter 12 Monate) sollten aufgrund der   Wirkung nicht mit Enrofloxacin behandelt werden, da   auftreten k\u00c3\u00b6nnen. Auch Tiere, die bereits an Knorpeldefekten leiden, d\u00c3\u00bcrfen kein Enrofloxacin erhalten. Bei   und/oder   Tieren ist Enrofloxacin ebenfalls  . Bei Hunde und Katzen die an einer ausgepr\u00c3\u00a4gten   leiden, sollte die Anwendung von Enrofloxacin vermieden oder die   reduziert werden.\n Bei Pferden ist Enrofloxacin aufgrund m\u00c3\u00b6glicher   kontraindiziert. Es darf nur im Notfall und unter besonderer Ber\u00c3\u00bccksichtigung m\u00c3\u00b6glicher   angewendet werden.\n Folgende Arzneistoffe sollten nicht gleichzeitig mit Enrofloxacin verabreicht werden:\n Nach der Verabreichung von Enrofloxacin sind bei den jeweiligen Tierarten unterschiedliche Wartezeiten vorgeschrieben, die vor der Verwendung tierischer Produkte f\u00c3\u00bcr die Lebensmittelkette einzuhalten sind.\n \n"",[],[]
47,flexikon,https://flexikon.doccheck.com/de/Ektoparasitikum,NULL,""\n \n  bilden eine Untergruppe der   und besitzen eine Wirkung gegen  . Sie finden vorwiegend in der   Einsatz, wobei einige Wirkstoffe auch in der   angewendet werden.\n Ektoparasitika wirken entweder als  ,   oder  . Die Kontaktzeit sowie die von den   aufgenommene Wirkstoffdosis ist wesentlich f\u00c3\u00bcr den Effekt der einzelnen Arzneimittel. Die meisten Arzneimittel wirken  .\n Einzelne Wirkstoffe besitzen einen  \u00c2\u00a0Wirkung.\n Ektoparasitika k\u00c3\u00b6nnen in zwei Gruppen eingeteilt werden:\n Einige Wirkstoffe k\u00c3\u00b6nnen sowohl insektizid als auch akarizid wirken.\n"",[],[]
48,flexikon,https://flexikon.doccheck.com/de/Einreibung,NULL,""Als   bezeichnet man in   und   die   Anwendung von  , Pflegeprodukten und Kosmetika unter leichtem mechanischem Druck.\n Bekannt sind die Rhythmischen Einreibungen nach Wegman und Hauschka. Mit dieser speziellen Technik sollen sowohl funktionelle Ungleichgewichte gebessert, Schmerzen gelindert, der W\u00c3\u00a4rmeorganismus angeregt als auch   eingeleitet und unterst\u00c3\u00bctzt werden. \n Die   (ASE) als Bestandteil der   ist aus pflegerischer Sicht eine ganzheitliche Pflegema\u00c3\u0178nahme. Sie dient der  , der  , der Steigerung des Wohlbefindens, der   und  . Das Verfahren hat sich bei Patienten mit verminderter Selbstwahrnehmung oder Erlebnisf\u00c3\u00a4higkeit, wie etwa bei   bew\u00c3\u00a4hrt.  \n \n"",[],[]
49,flexikon,https://flexikon.doccheck.com/de/Disease-modifying_anti-rheumatic_drug,NULL,""\n Unter dem Begriff  , kurz  , werden verschiedene   zusammengefasst, welche die   einer   verlangsamen k\u00c3\u00b6nnen. \n Die Wirkstoffe, die zu den Disease-modifying anti-rheumatic drugs gez\u00c3\u00a4hlt werden, variieren chemisch und unterscheiden sich entsprechend in ihren Wirkmechanismen. Der Begriff wird vor allem zur Abgrenzung zu  , die   wirken, und zu   verwendet, die beide ebenfalls zur Therapie der rheumatoiden Arthritis eingesetzt werden. \n DMARDs sind dadurch charakterisiert, dass sie das Fortschreiten der Erkrankungen verlangsamen und zu einer   f\u00c3\u00bchren k\u00c3\u00b6nnen. \n Bei   einer rheumatoiden Arthritis wird aktuell eine sofortige Therapie mit csDMARDs empfohlen, um die Krankheitsaktivit\u00c3\u00a4t m\u00c3\u00b6glichst schnell zu stoppen bzw. zu reduzieren. Methotrexat ist dabei das Mittel der ersten Wahl. DMARDs k\u00c3\u00b6nnen als   oder in Kombination eingesetzt werden.  \n Die neueren, biologischen DMARDs k\u00c3\u00b6nnen bei unzureichender Ansprache auf konventionelle DMARDs eingesetzt werden. Indiziert ist in der Regel eine Kombinationstherapie mit Methotrexat.  \n Eine Konsensusempfehlung f\u00c3\u00bcr die   Therapie der rheumatoiden Arthritis mit DMARDs wurde 2018  ver\u00c3\u00b6ffentlicht. \n"",[],[]
50,flexikon,https://flexikon.doccheck.com/de/Deltamethrin,NULL,""\n \n  ist ein zur Gruppe der   geh\u00c3\u00b6rendes und   hergestelltes  .\n Deltamethrin ist eine synthetisch hergestellte Verbindung, die sich strukturell von den nat\u00c3\u00bcrlichen   ableitet. Da es eine   besitzt, geh\u00c3\u00b6rt es zu den Typ-II-Pyrethroiden. Der   Name lautet (S)-alpha-cyano-3-phenoxybenzyl-(1R,cis)-2,2-dimethyl-3-(2,2-dibromvinyl)-cyclopropancarboxylat und die   ist C H Br NO .\n Der   liegt als wei\u00c3\u0178e, kristalline oder pulvrige Substanz vor, hat eine   von 505,205  /  und ist nahezu unl\u00c3\u00b6slich in   (0,01   in 100   Wasser).\n Deltamethrin gelangt durch passive Penetration durch die   und verteilt sich dann im gesamten Insektenk\u00c3\u00b6rper. Der Wirkstoff ist   und f\u00c3\u00bchrt zu einer langandauernden \u00c3\u2013ffnung bzw. verlangsamten Schlie\u00c3\u0178ung von  -Kan\u00c3\u00a4len der   und erh\u00c3\u00b6ht den damit verbundenen Einstrom von   in die  . Infolge dessen kommt es zu einer repetitiven Entladung oder spontanen   der Zellmembran.\n Als besonders empfindlich gelten     und neurosekretorische Zellen sowie  . Bei Arthropoden kommt es daher initial zu Erregungszust\u00c3\u00a4nden mit  , die zu   und   f\u00c3\u00bchren. Bei einer ausreichenden Wirkungsdauer kommt es letztendlich zum   der  .\n Typ-II-Pyrethroide besitzen zus\u00c3\u00a4tzlich einen inhibitorischen Effekt an den  -vermittelten  .\n Da Deltamethrin stark   ist, verteilt es sich in der Lipidschicht \u00c3\u00bcber die gesamte  . Eine ausreichend hohe Wirkstoffkonzentration ist nach etwa einer Woche nach   des Halsbandes erreicht.\n Deltamethrin ist ein \u00c3\u00a4u\u00c3\u0178erst potentes und schnell wirkendes  . Bei   l\u00c3\u00b6st es einen rasch einsetzenden Knock-down-Effekt aus, der im Vergleich zu den nat\u00c3\u00bcrlichen Pyrethrinen aufgrund besserer Stabilit\u00c3\u00a4t wesentlich l\u00c3\u00a4nger dauert.\n Der Wirkstoff weist zus\u00c3\u00a4tzlich eine ausgepr\u00c3\u00a4gte   Eigenschaft auf. Aufgrund der langen Wirkungszeit h\u00c3\u00a4lt der Effekt (abh\u00c3\u00a4ngig von der Zubereitungsform) zwischen 2 Wochen und 5 Monaten.\n Deltamethrin verhindert beim   den Befall mit   (Hundefloh),  ,  ,   spp.,   und  . Beim   wird es gegen  , beim   gegen   eingesetzt. Beim   konnte zudem eine Wirkung gegen   festgestellt werden.\n Gelegentlich kann es zu kurz andauernden \u00c3\u0153bererregungserscheinungen kommen. Besonders kleine Hunderassen zeigen hier vermehrt  , die ca. 12 bis 24 Stunden andauern k\u00c3\u00b6nnen.\n Pyrethroide d\u00c3\u00bcrfen aufgrund neurotoxischer Potenzierung nicht zusammen mit   angewendet werden.\n Aufgrund ihrer geringen   geh\u00c3\u00b6ren Pyrethroide zu den sichersten Ektoparasitika. Die Toxizit\u00c3\u00a4t bei Insekten ist etwa 1000-fach h\u00c3\u00b6her als die Toxizit\u00c3\u00a4t bei  .\n Aufgrund der   sind Katzen deutlich empfindlicher gegen\u00c3\u00bcber Permethrin und anderen Pyrethroiden, weshalb diese Wirkstoffe nicht bei Katzen angewendet werden sollten. Ebenso sollten Pyrethroide nicht bei   verwendet werden. Bereits Dosierungen von 0,002 bis 0,004 mg/kgKG k\u00c3\u00b6nnen hier starke und mitunter irreversible Sch\u00c3\u00a4digungen verursachen.\n"",[],[]
51,flexikon,https://flexikon.doccheck.com/de/Clotrimazol,NULL,""\n \n \n  ist ein   aus der Gruppe der   und kommt im Rahmen der   von   zum Einsatz.\n Clotrimazol hat die   C H ClN  und eine   von 344,84 g\u00c2\u00b7 .\n Clotrimazol ist bei der   folgender    :\n Ebenso wird Clotrimazol bei   eingesetzt, ist hier jedoch nicht das Mittel der Wahl.\n Das   wird als  ,  ,  ,  , Spray,   oder    . Im   liegt Clotrimazol zu 90% an   gebunden vor. Die   erfolgt  . Die   betr\u00c3\u00a4gt durchschnittlich zwei Stunden. Der   wird   eliminiert.\n Die Wirkung von Clotrimazol beruht darauf, dass die   des f\u00c3\u00bcr die   der   notwendigen   gehemmt wird. Dadurch wird die Vermehrung der Pilze gestoppt. \n"",[],[]
52,flexikon,https://flexikon.doccheck.com/de/Ceiling-Effekt,NULL,""  \n   \n \n Als   bezeichnet man in der  , wenn es bei der Gabe eines    trotz Dosissteigerung zu keiner weiteren Zunahme der   kommt.  \n Ceiling-Effekte kommen vor allem bei   und   Modulatoren vor. Klinische Relevanz besitzt der Ceiling-Effekt u.a. bei:\n Ein Ceiling-Effekt tritt ein, wenn ein Wirkstoff die f\u00c3\u00bcr seine maximale Wirkung erforderliche Anzahl der Rezeptoren besetzt hat. Das Maximum der   ist dann erreicht und die Steigerung der Dosis f\u00c3\u00bchrt nicht mehr zu einer st\u00c3\u00a4rkeren Wirkung, sondern ggf. nur zu st\u00c3\u00a4rkeren  .\n Der Ceiling-Effekt ist unabh\u00c3\u00a4ngig von der Dauer der Wirkstoffgabe - das unterscheidet ihn von der so genannten   oder der  .\n"",[],[]
53,flexikon,https://flexikon.doccheck.com/de/Carprofen,NULL,""\n \n \n  ist ein   (NSAID) aus der Gruppe der  , das in der   eingesetzt wird. Es weist  ,   und   Eigenschaften auf.\n Carprofen ist der   Vertreter aller Propions\u00c3\u00a4urederivate. Der   Name lautet 6-Chloro-alpha-Methyl-Carbazol-2-Acetyl-S\u00c3\u00a4ure und die   C H ClNO . Auf Grund eines asymmetrischen   liegt Carprofen als   vor.\n Der   weist \u00c3\u00a4hnliche antiphlogistische Eigenschaften auf wie  ,  \u00c2\u00a0und   und ist wesentlich wirksamer als  ,   und  . Die   analgetische Potenz beim   ist vergleichbar mit der von   und Phenylbutazon.\n Als nichtsteroidales Antiphlogistikum bewirkt Carprofen eine Hemmung des    , das die Umwandlung der   zu   und anderen   ( ,  ) vermittelt. W\u00c3\u00a4hrend   f\u00c3\u00bcr die   Schutzfunktion verschiedener   verantwortlich ist, bildet   innerhalb kurzer Zeit gro\u00c3\u0178e Mengen entz\u00c3\u00bcndungsf\u00c3\u00b6rdernder Prostaglandine, welche die klassischen   ( ,   und  ) ausl\u00c3\u00b6sen.\n Der genaue Wirkungsmechanismus von Carprofen ist noch (2022) nicht vollst\u00c3\u00a4ndig gekl\u00c3\u00a4rt. Man geht jedoch davon aus, dass nur eine schwache Hemmung der Cyclooxygenase stattfindet, wobei die Aktivit\u00c3\u00a4t der COX-2 nur etwa 1,75-fach st\u00c3\u00a4rker inhibiert wird, als die der COX-1. Ein Teil der antiphlogistischen Aktivit\u00c3\u00a4t beruht auf einer Hemmung der  . Dieses Enzym katalysiert die Freisetzung der Arachidons\u00c3\u00a4ure aus    . Durch die Blockade der Arachidons\u00c3\u00a4ure-Freisetzung kommt es zur Reduktion der Prostaglandinsynthese.\n Neben der antiphlogistischen Aktivit\u00c3\u00a4t konnte in   auch ein direkter Einfluss auf die Aktivit\u00c3\u00a4t von   von   festgestellt werden. Carprofen stimuliert dabei die  -  und soll so einen positiven Einfluss auf die Bildung der   aus\u00c3\u00bcben.\n Carprofen wird gut aus dem    . Die   ist hoch. Der Wirkstoff wird in der   durch   und     und zu 70 bis 80\u00c2\u00a0% nach     mit dem   und zu 10 bis 20\u00c2\u00a0% mit dem   ausgeschieden.\n Die   kann  ,   oder   erfolgen.\n .\n Aufgrund der sehr starken   (bis zu 99\u00c2\u00a0%) kann Carprofen andere, ebenfalls stark proteinbindende Wirkstoffe verdr\u00c3\u00a4ngen und deren Wirkung potenzieren. Eine gleichzeitige Verabreichung folgender Wirkstoffe sollte daher vermieden werden:\n"",[],[]
54,flexikon,https://flexikon.doccheck.com/de/Budesonid,NULL,""\n \n  ist ein synthetisch hergestelltes   und wird haupts\u00c3\u00a4chlich in der Behandlung von Krankheiten der   eingesetzt.\n Durch seinen hohen   findet Budesonid auch alternativ zu   Anwendung in der Therapie der  .\n Wie alle Glukokortikoide wirkt Budesonid   auf spezielle   in nahezu allen   des K\u00c3\u00b6rpers. Vor allem die   (z.B. in den   oder im  ) besitzen viele dieser Rezeptoren und reagieren daher sehr gut auf Glukokortikoide. Nachdem die Glukokortikoide in die Zelle eingedrungen sind, bilden sie mit ihrem   einen Komplex, der in den   wandert. Dort hemmt er die   von verschiedenen Prozessen, die bei der Enstehung von   ein Rolle spielen.\nBei der Inhalation von Budesonid erreichen etwa 15-20% die Bronchien, der Rest wird \u00c3\u00bcberwiegend verschluckt. Dieser Anteil unterliegt einem hohen   (ca. 90%) und wird intrahepatisch inaktiviert, weshalb kaum systemische Wirkungen auftreten. \n Der Wirkstoff ist in verschiedenen   erh\u00c3\u00a4ltlich, unter anderem als  , in   und als  .\n Die Einnahme von Budesonid als Nasenspray darf bei   und   im Bereich der Atemwege nur in Kombination mit einem   oder   erfolgen. F\u00c3\u00bcr die Anwendung im Darm gilt das selbe. Hier sollte auch bei vorliegender   auf eine Anwendung verzichtet werden.\n Seit 2018 ist der Wirkstoff in Tablettenform f\u00c3\u00bcr die Behandlung der eosinophilen \u00c3\u2013sophagitis zugelassen. Unter dem Handelsnamen Jorveza  ist es das erste in Europa zugelassene Arzneimittel, das als offizielle Therapiem\u00c3\u00b6glichkeit der Erkrankung zur Verf\u00c3\u00bcgung steht. \n Zudem ist seit 2022 ein Budesonidpr\u00c3\u00a4parat mit verz\u00c3\u00b6gerter Wirkstofffreisetzung ( ) zur Behandlung der   zugelassen, wenn ein erh\u00c3\u00b6htes Risiko f\u00c3\u00bcr einen Krankheitsprogress besteht. \n"",[],[]
55,flexikon,https://flexikon.doccheck.com/de/BID,NULL,""Die Abk\u00c3\u00bcrzung   hat in der Medizin verschiedene Bedeutungen:\n"",[],[]
56,flexikon,https://flexikon.doccheck.com/de/Bedinvetmab,NULL,""\n \n  ist ein    , der in Form einer   bei   zur   von   (Arthrose) eingesetzt wird.\n Der entsprechende   wird bei der   als   bezeichnet.\n Bedinvetmab ist ein caniner monoklonaler Antik\u00c3\u00b6rper, der   aus   des Chinesischen Hamsters ( ) gewonnen wird. Er liegt als transparent bis leicht opaleszent aussehende Injektionsl\u00c3\u00b6sung vor, die in unterschiedlichen   erh\u00c3\u00a4ltlich ist. Am Markt sind derzeit f\u00c3\u00bcnf   verf\u00c3\u00bcgbar (5, 10, 15, 20 und 30  / ).\n Als caniner monoklonaler Antik\u00c3\u00b6rper wirkt Bedinvetmab gegen den   (NGF). Durch die Hemmung NGF-vermittelter   wird eine Verringerung der Osteoarthritis-bedingten Schmerzen bewirkt.\n Es wird angenommen, dass Bedinvetmab \u00e2\u20ac\u201c \u00c3\u00a4hnlich wie k\u00c3\u00b6rpereigene   \u00e2\u20ac\u201c \u00c3\u00bcber normale     in kleine   und   abgebaut wird. Der Wirkstoff  wird dabei nicht von  -   . Deshalb sind   mit anderen  , die durch Cytochrom P450  \u00c2\u00a0werden, unwahrscheinlich.\n Bedinvetmab wird   appliziert. Die empfohlene   betr\u00c3\u00a4gt einmal monatlich 0,5 bis 1 mg/ .\n Bei Hunden mit einem   von unter 5   sind 0,1 ml/kgKG   aus einer Durchstechflasche mit 5 mg/ml aufzuziehen. Hunde, die \u00c3\u00bcber 5 kg wiegen, k\u00c3\u00b6nnen den gesamten Inhalt der Durchstechflasche (1 ml) erhalten. Die Konzentration der Durchstechflasche ist dem jeweiligen   anzupassen, z.B. zwischen 20 und 30 kg K\u00c3\u00b6rpergewicht wird eine ganze Durchstechflasche mit 15 mg/ml subkutan appliziert.\n M\u00c3\u00bcssen aufgrund des K\u00c3\u00b6rpergewichts (> 60 kg) zwei Durchstechflaschen verwendet werden, ist der Inhalt beider Durchstechflaschen in eine   aufzuziehen und als einzelne Injektion (2 ml) zu verabreichen.\n Der Wirkstoff kommt im Rahmen der   von arthrosebedingten   beim Hund zum Einsatz.\n Bedinvetmab kann sowohl   als auch   Anti-Wirkstoff-  induzieren, sodass es bei mehrmaliger   zu einer Reduktion der Wirksamkeit kommen kann. Wird nach der zweiten   keine relevante   Besserung beobachtet, sollten alternative   angewendet werden (z.B.   oder  ). Ein gleichzeitiger Einsatz von Bedinvetmab und   sollte zus\u00c3\u00a4tzlich nur nach Nutzen-Risiko-Bewertung und unter enger tier\u00c3\u00a4rztlicher \u00c3\u0153berwachung durchgef\u00c3\u00bchrt werden.\n Der Arzneistoff darf nicht bei Hunden unter 12 Monaten angewendet werden. Bei bekannter \u00c3\u0153berempfindlichkeit gegen\u00c3\u00bcber dem Wirkstoff oder einem sonstigen Bestandteil des   darf Bedinvetmab nicht verabreicht werden. Ein Einsatz bei  ,   sowie zur Zucht vorgesehenen Tieren ist ebenfalls nicht erlaubt.\n Im Rahmen der   k\u00c3\u00b6nnen   Reaktionen ( ,  ) auftreten.   Reaktionen hingegen wurden nur sehr selten beobachtet.\n Bei gleichzeitiger Therapie mit anderen Arzneistoffen (z.B.  ,  ,  ,  , NSAID's u.\u00c3\u00a4.) konnten bislang (2022) keine   beobachtet werden.\n"",[],[]
57,flexikon,https://flexikon.doccheck.com/de/Bakteriostatikum,NULL,""Als   bezeichnet man einen  , der das Wachstum von   hemmt. Das zugeh\u00c3\u00b6rige Adjektiv lautet  , der erzielte Effekt hei\u00c3\u0178t  . Gegen\u00c3\u00bcber ruhenden    haben Bakteriostatika keine Wirkung. \n Einen Wirkstoff, der Bakterien abt\u00c3\u00b6tet, bezeichnet man als  .\n Die Abgrenzung zwischen einem Bakteriostatikum und einem Bakterizid ist nicht trennscharf. Hohe Konzentrationen von bakteriostatischen Wirkstoffen wirken in der Regel auch bakterizid. Umgekehrt k\u00c3\u00b6nnen Bakterizide in niedriger Konzentration nur bakteriostatische Effekte haben.\n Bakteriostatika hemmen oft die  , indem sie an die   binden und damit die Proteinbiosynthese der Bakterien zum Erliegen bringen. In diese Gruppe fallen unter anderem die   und  . Auch   wie   wirken bakteriostatisch. Weitere Ansatzpunkt f\u00c3\u00bcr bakteriostatische Wirkstoffe sind die Hemmung der   der Bakterienzellen und die Unterbrechung bestimmter Stoffwechselprozesse, so dass die Teilung und das Wachstum der Zellen verhindert wird.\n"",[],[]
58,flexikon,https://flexikon.doccheck.com/de/Atropinsulfat,NULL,""\n \n  ist das  -  des  . In g\u00c3\u00a4ngigen   liegt Atropin als Atropinsulfat ( ) vor.\n Atropinsulfat ist ein   und liegt bei Raumtemperatur als wei\u00c3\u0178er,     vor. Die   betr\u00c3\u00a4gt 694.82 g\u00c2\u00b7mol , die   lautet  . Atropinsulfat ist im Gegensatz zur freien Atropinbase sehr leicht   in  .\n Das wirksame Prinzip ist das Atropin bzw. in erster Linie dessen linksdrehendes   S- . Als   des   (muskarinerger Acetylcholinrezeptor) wirkt dieses als starkes  . Atropin und Atropinsulfat sind   bei  .\n N\u00c3\u00a4here Angaben siehe  .\n"",[],[]
59,flexikon,https://flexikon.doccheck.com/de/Atipamezol,NULL,""\n \n \n  ist ein   aus der Gruppe der   (\u00ce\u00b1 -Adrenozeptor-Antagonist), der in der     eingesetzt wird.\n Atipamezol hat die     und eine   von 212,29  / .\n Der   wird h\u00c3\u00a4ufig in Form des   Atipamezolhydrochlorid verwendet. Es besitzt die Summenformel C H N  und eine molare Masse von 284,76 g/mol. Der   liegt zwischen 211 und 215 \u00c2\u00b0 .\n Atipamezol ist ein wirksamer, selektiver und spezifischer   von zentralen und peripheren   sowie in geringem Ma\u00c3\u0178e auch  .\n Somit wirkt Atipamezol, \u00c3\u00a4hnlich wie   und  , entgegengesetzt zu   (z.B.  ,  ,   u.\u00c3\u00a4.). Dabei hebt der Wirkstoff sowohl die   als auch die   und     auf.\n Der Wirkstoff wird sowohl nach   als auch     schnell und vollst\u00c3\u00a4ndig absorbiert. Nach der   tritt binnen weniger Minuten (2 bis 5 Minuten) der antagonisierende Effekt auf, sodass die   rasch aufwachen und wieder aufstehen k\u00c3\u00b6nnen.\n Aufgrund der hohen   wird Atipamezol gut im gesamten   verteilt und dann \u00c3\u00bcber die   und \u00c3\u00bcber die   metabolisiert und eliminiert.\n Atipamezol wird haupts\u00c3\u00a4chlich als Antagonist von Medetomidin eingesetzt, kann aber auch bei anderen \u00ce\u00b1 -agonistisch wirkenden Substanzen verwendet werden. Gleichzeitig ist Atipamezol ein wirkungsvolles   bei einer  - , weshalb es aufgrund der deutlich geringeren kardiopulmonalen   Yohimbin vorgezogen werden soll.\n Die   von Atipamezol h\u00c3\u00a4ngt von der Menge des verabreichten \u00ce\u00b1 -Agonisten, dem Zeitabstand zwischen der Gabe des Agonisten und Antagonisten, der Tiefe der Sedation und den auftretenden Nebenwirkungen ab.\n Beim   betr\u00c3\u00a4gt die Dosis an Atipamezol etwa das 5-fache der Menge an Medetomidin und ca. das 10-fache der Menge an  . Bei der   sind geringere Mengen notwendig, sodass etwa die 2,5-fache Atipamezol-Dosis die Wirkung von Medetomidin bzw. die 5-fache Menge an Atipamezol die Wirkung von Dexmedetomidin antagonisieren. Beim   wird etwa das 10-Fache der  -Dosis empfohlen. Die Dosisempfehlungen variieren in der Literatur. \n .\n Atipamezol kann, insbesondere bei zu schneller Applikation oder \u00c3\u0153berdosierung,   sowie   Nebenwirkungen aufweisen:\n Atipamezol sollte nur unter strenger Kontrolle mit anderen Wirkstoffen kombiniert verabreicht werden.\n Eine Anwendung von Atipamezol wird bei   oder   Tieren nicht empfohlen. Die Anwendung bei alten oder sehr schwachen Tieren ist nur unter Vorsicht zu empfehlen.\n"",[],[]
60,flexikon,https://flexikon.doccheck.com/de/Apalutamid,NULL,""\n \n \n  ist ein   aus der Gruppe der   bzw.  , der zur Behandlung des   eingesetzt wird. Apalutamid ist ein   (NSAA). Es bindet an die   Dom\u00c3\u00a4ne des  . Dadurch verhindert es die   des Rezeptors zum  , seine Bindung an die   und die   der von ihm adressierten DNA-Abschnitte. Im Effekt wird dadurch die  \u00c2\u00a0der   gehemmt und die   der Tumorzellen eingeleitet.\n Die   von Apalutamid nach   Gabe betr\u00c3\u00a4gt nahezu 100%. Die   wird nach 2 Stunden erreicht, eine gleichzeitige Nahrungsaufnahme kann die   verz\u00c3\u00b6gern. Im Blut wird die Substanz zu 96\u00c2\u00a0% an   gebunden, die   liegt bei 3 Tagen. Die Ausscheidung erfolgt zu 65\u00c2\u00a0%  , zu 24\u00c2\u00a0% \u00c3\u00bcber die  .\n Der Wirkstoff liegt als   \u00c3\u00a1 60 mg vor.\n Die Dosierung betr\u00c3\u00a4t im Regelfall 240 mg (4 Tabletten \u00c3\u00a1 60 mg) pro Tag. \n .\n Apalutamid wird prim\u00c3\u00a4r von   und   zu seinem aktiven  , N-desmethyl-Apalutamid, verstoffwechselt. Andere Arzneistoffe, die von diesen Enzymsystemen metabolisiert werden, k\u00c3\u00b6nnen den Wirkspiegel der Substanz beeinflussen. \n Apalutamid ist  . Der Wirkstoff ist f\u00c3\u00bcr die Behandlung von M\u00c3\u00a4nnern vorgesehen und daher bei geb\u00c3\u00a4hrf\u00c3\u00a4higen Frauen und insbesondere w\u00c3\u00a4hrend der   kontraindiziert.\n Apalutamid ist seit Februar 2018 in den USA und seit Januar 2019 in der EU zugelassen. Zulassungsinhaber ist die  .\n"",[],"["https://dccdn.de/www.doccheck.com/data/uv/vp/48/b5/kj/j6/apalutamid_md.jpg"]"
61,flexikon,https://flexikon.doccheck.com/de/Amylmetacresol,NULL,""\n  ist ein   Wirkstoff, der in Form von   und   zur Behandlung von  - und   eingesetzt wird.\n Amylmetacresol wirkt desinfizierend im  . Es ist allerdings ungekl\u00c3\u00a4rt, ob dies einen klinisch relevanten Effekt auf die Behandlung von Rachenentz\u00c3\u00bcndungen hat. \n Amylmetacresol ist nicht  .\n"",[],[]
62,flexikon,https://flexikon.doccheck.com/de/Alisporivir,NULL,""\n  ist ein  , das experimentell zur     der   eingesetzt wird. \n Die   lautet C H N O . Die   betr\u00c3\u00a4gt rund 1217 g/ . Alisporivir hemmt das     (PPIA), das an verschiedenen regulatorischen und   Prozessen sowie an der   beteiligt ist. Es wird vom   zur   ben\u00c3\u00b6tigt. Anders als andere   wirkt es nicht  . \n In klinischen Studien wurde die Anwendung von Alisporivir zur Behandlung von Hepatitis C erforscht. \n"",[],"["https://dccdn.de/www.doccheck.com/data/2c/vh/u9/ms/kx/db/alisporivir_md.jpg"]"
63,flexikon,https://flexikon.doccheck.com/de/Afamelanotid,NULL,""\n  ist ein   aus der Klasse der  , der vor allem zur Behandlung bestimmter   (z.B.  ) eingesetzt wird. \n Afamelanotid ist ein synthetisches Analogon des   \u00ce\u00b1-MSH. Es handelt sich um ein  , das aus 13   zusammengesetzt ist. Die   unterscheidet sich in 2 Positionen vom nat\u00c3\u00bcrlichen \u00ce\u00b1-MSH.   (Met) wurde durch   (Nle) ersetzt,   (L-Phe) durch   (D-Phe).\n Der Wirkmechanismus von Afamelanotid entspricht dem des \u00ce\u00b1-MSH. Der Wirkstoff bindet an den   der dermalen  . Dadurch regt er die zellul\u00c3\u00a4re Produktion von   an und f\u00c3\u00bchrt - unabh\u00c3\u00a4ngig von einer   - zu einer verst\u00c3\u00a4rkten   der Haut. Dar\u00c3\u00bcber hinaus soll Afamelanotid entz\u00c3\u00bcndungshemmende Eigenschaften besitzen.\n Afamelanotid hat eine l\u00c3\u00a4ngere Bindungsdauer an den MSH-Rezeptor als \u00ce\u00b1-MSH. Es wird im Blut langsamer enzymatisch abgebaut und besitzt dadurch eine l\u00c3\u00a4ngere  .\n Weitere Indikationen sind Gegenstand klinischer Pr\u00c3\u00bcfungen (z.B.  ,  ,  ).\n Bei Patienten, die in der     Hautver\u00c3\u00a4nderungen aufweisen, wird ein regelm\u00c3\u00a4\u00c3\u0178iges Screening der gesamten Hautoberfl\u00c3\u00a4che empfohlen.\n Aufgrund mangelnder klinischer Erfahrung sollte Afamelanotid nicht bei Kindern und Jugendlichen sowie bei Patienten > 70 Jahre verordnet werden.\n"",[],[]
